date,btc_close,paul_usd_eq,paul_xbt_mult,spot_hodl,lev2_hodl,lev3_hodl,v2_strategy
2022-09-01,20127.140625,7000.0,1.0,7000.0,6995.8,6993.7,6998.95
2022-09-02,19969.771484375,6945.252737967609,0.9999976975386818,6945.268729180204,6882.170297122899,6823.255445684349,6981.905544568434
2022-09-03,19832.087890625,6897.386156931753,1.0000003305690324,6897.38387687024,6782.262162176849,6673.393243265275,6966.919324326526
2022-09-04,19986.712890625,6951.1967405061405,1.000005175394257,6951.160765508637,6885.64524299434,6828.46786449151,6982.42678644915
2022-09-05,19812.37109375,6890.616438083273,1.0000130393709212,6890.526589951224,6760.242575925542,6640.363863888314,6963.61638638883
2022-09-06,18837.66796875,6551.70427572128,1.000025765318507,6551.5354733231015,6078.329421385303,5617.494132077955,6861.329413207794
2022-09-07,19290.32421875,6709.125706511154,1.0000240463595387,6708.964380341532,6389.1618567939595,6083.74278519094,6907.954278519092
2022-09-08,19329.833984375,6722.911255648499,1.000030614121533,6722.7054459269475,6412.610364697233,6118.915547045851,6911.471554704583
2022-09-09,21381.15234375,7436.357202890416,1.0000303388302267,7436.131599356279,7835.000992596285,8252.501488894428,7124.83014888944
2022-09-10,21680.5390625,7541.765639780354,1.000200338687314,7540.255034984632,8038.7237108320005,8558.085566248,7155.388556624797
2022-09-11,21769.255859375,7575.98342098939,1.0006437169394875,7571.10976938012,8095.890513761347,8643.835770642021,7163.9635770642
2022-09-12,22370.44921875,7791.157676965267,1.001408629127658,7780.19826307295,8509.399382189162,9264.099073283744,7225.989907328371
2022-09-13,20296.70703125,7072.631356111348,1.0019348435900346,7058.973346779108,7062.714165593411,7094.071248390118,7008.987124839009
2022-09-14,20241.08984375,7052.927288916835,1.0018888766630165,7039.630295535335,7019.804284928545,7029.706427392817,7002.550642739278
2022-09-15,19701.2109375,6861.896502622906,1.0014638643324831,6851.866299935488,6640.16517394889,6460.247760923335,6945.60477609233
2022-09-16,19772.583984375,6887.262487140391,1.001537574231248,6876.689067234308,6685.684695106189,6528.527042659283,6952.432704265925
2022-09-17,20127.576171875,7002.403964228665,1.000321776719062,7000.151478452991,6928.409426656482,6892.614139984723,6988.841413998469
2022-09-18,19419.505859375,6756.418792167096,1.0003740726028107,6753.892346078096,6431.838826499045,6147.7582397485685,6912.80009391446
2022-09-19,19544.12890625,6772.109287031384,0.9963035563685017,6797.234882625063,6514.445558663403,6271.6683379951055,6944.219209286822
2022-09-20,18890.7890625,6531.689623866689,0.9941673172304087,6570.010410383367,6056.054607933784,5584.0819119006765,6769.872182243487
2022-09-21,18547.400390625,6390.714841756108,0.9907188655268041,6450.583575349517,5813.330587720871,5219.995881581308,6677.553144861162
2022-09-22,19413.55078125,6691.607041841963,0.9910817850596615,6751.821234853125,6411.754813987176,6117.632220980767,6905.161226116192
2022-09-23,19297.638671875,6651.648364203989,0.991081005822038,6711.508267365971,6327.101974052449,5990.652961078676,6872.96388245157
2022-09-24,18937.01171875,6527.339343474632,0.9910801648599065,6586.086146116446,6072.306079865728,5608.459119798594,6776.053359711984
2022-09-25,18802.09765625,6480.8330709904585,0.9910796806654316,6539.1645065703415,5974.5393020695765,5461.808953104368,6738.8681861712885
2022-09-26,19222.671875,6625.78726920614,0.9910778643189063,6685.435633011085,6263.070293571257,5894.605440356889,6848.609708114761
2022-09-27,19110.546875,6587.1322816012835,0.9910768018343733,6646.439780861819,6181.090725404207,5771.636088106314,6817.429131871989
2022-09-28,19426.720703125,6696.10331575809,0.9910753862856541,6756.401590048264,6396.960502823069,6095.440754234605,6899.534273479997
2022-09-29,19573.05078125,6746.510104620905,0.9910708286851406,6807.293595324099,6494.660137217547,6241.990205826322,6936.69390931658
2022-09-30,19431.7890625,6698.587019236364,0.9911843973907668,6758.164310162661,6392.346668308573,6088.520002462861,6897.779421361752
2022-10-01,19312.095703125,6657.3719517707395,0.9911912463421868,6716.536265164342,6305.060656552836,5957.590984829255,6864.580562117563
2022-10-02,19044.107421875,6563.99310068826,0.9910408001234414,6623.332863662794,6114.679853831541,5672.019780747313,6792.170042433985
2022-10-03,19623.580078125,6763.864967041835,0.9910617795979204,6824.867133697736,6513.653473621206,6270.480210431811,6943.917943146963
2022-10-04,20336.84375,7013.0177603137945,0.9915290157441347,7072.932459823761,7005.540366397363,7008.310549596046,7131.0050077162
2022-10-05,20160.716796875,6952.647572082029,0.9915812079307098,7011.677426391758,6878.823293077523,6818.234939616285,7082.80871375843
2022-10-06,19955.443359375,6882.178455418818,0.9916275623504736,6940.285563569713,6731.875396095292,6597.813094142939,7026.917713012575
2022-10-07,19546.849609375,6740.374109834177,0.9914966955571977,6798.181113499573,6443.587587286912,6165.381380930368,6917.268684560822
2022-10-08,19416.568359375,6695.416542005663,0.9914918890011681,6752.870715614877,6348.915069088149,6023.372603632224,6881.260399352776
2022-10-09,19446.42578125,6705.709177497499,0.9914914304566557,6763.254801313836,6365.625287605279,6048.437931407919,6887.616059112351
2022-10-10,19141.484375,6600.465313302559,0.9914777689026928,6657.199505953171,6149.520377180378,5724.2805657705685,6805.42148567656
2022-10-11,19051.41796875,6569.371111875527,0.9914721788569071,6625.875392136085,6082.896624310924,5624.344936466387,6780.081427752706
2022-10-12,19157.4453125,6607.716510582132,0.9917400426472732,6662.750545943482,6152.649281598155,5728.973922397231,6806.611551017671
2022-10-13,19382.904296875,6689.808536066097,0.9923819987922927,6741.16272182229,6305.428935722677,5958.143403584015,6864.720635516223
2022-10-14,19185.65625,6624.493246539431,0.9927960570801201,6672.562002333602,6164.223959543901,5746.335939315851,6811.013930003583
2022-10-15,19067.634765625,6583.153439883063,0.9927072510126581,6631.515417226584,6078.1518800795275,5617.22782011929,6778.276784686544
2022-10-16,19268.09375,6652.392220480519,0.9927116925710963,6701.232865758844,6213.566037424593,5820.349056136887,6829.78097715612
2022-10-17,19550.7578125,6749.782458101836,0.9926821691902042,6799.540343923046,6406.101269546642,6109.151904319961,6903.010924798296
2022-10-18,19334.416015625,6675.08738668841,0.9926815212200347,6724.299026423431,6251.5840551315605,5877.3760826973385,6844.240966714685
2022-10-19,19139.53515625,6609.157728164221,0.9928845929314024,6656.52158893037,6112.035267192078,5668.052900788116,6791.164185277303
2022-10-20,19053.740234375,6580.787658846601,0.9930741531479444,6626.68305079351,6048.3821810878835,5572.573271631823,6766.954007683841
2022-10-21,19172.46875,6621.480133634265,0.9930270589942425,6667.975533658298,6126.966361497265,5690.449542245896,6796.843162793045
2022-10-22,19208.189453125,6628.703733833109,0.9922616789343007,6680.398804630253,6147.804664158395,5721.706996237591,6804.76892160616
2022-10-23,19567.0078125,6752.259109013077,0.9922217024393774,6805.191916698302,6393.307773144474,6089.961659716709,6898.144973453364
2022-10-24,19345.572265625,6647.560800555041,0.9880178206665386,6728.179048501828,6235.245129322427,5852.867693983638,6838.026526540048
2022-10-25,20095.857421875,6903.154920714004,0.9877001508219152,6989.1200431320585,6752.933646557006,6629.400469835508,7034.927128025872
2022-10-26,20770.44140625,7143.949957712292,0.9889554281524825,7223.732995791596,7217.8253120786085,7326.737968117911,7211.746673987468
2022-10-27,20285.8359375,7046.380890962136,0.9987510464138715,7055.192498934508,6876.511202865069,6814.766804297603,7081.929320188037
2022-10-28,20595.3515625,7151.2557986758975,0.9983829233678148,7162.838657689361,7087.505817180162,7131.258725770242,7162.180214472575
2022-10-29,20818.4765625,7244.927787528069,1.0006199469685795,7240.4390992573,7238.362436856485,7357.543655284726,7219.557881087742
2022-10-30,20635.603515625,7177.226060939377,1.0000540924784316,7176.837847992877,7106.853831618843,7160.280747428264,7169.539148568474
2022-10-31,20495.7734375,7127.5870012479645,0.9999130958703811,7128.206471827142,7005.3141554042795,7007.971233106417,7130.918969337679
2022-11-01,20485.2734375,7118.330282558226,0.9991263448654132,7124.554686341593,6993.735851621374,6990.603777432059,7126.515211280193
2022-11-02,20159.50390625,7004.9346578016175,0.9990984584184766,7011.255596260336,6762.930918101104,6644.396377151654,7038.729547269717
2022-11-03,20209.98828125,7016.749258626938,0.9982836004043295,7028.813511295771,6793.829460065197,6690.744190097793,7050.481674843
2022-11-04,21147.23046875,7342.397841127919,0.9983169737485407,7354.77612241555,7441.341816631308,7662.012724946958,7296.760215380144
2022-11-05,21282.69140625,7426.663814757778,1.0033472346207137,7401.88795912236,7531.124357269454,7796.686535904178,7330.908618649762
2022-11-06,20926.486328125,7301.629187867711,1.0032461470221243,7278.003717772255,7278.989072338581,7418.483608507868,7235.010047200101
2022-11-07,20602.81640625,7187.605326143901,1.0030940867760747,7165.434848932994,7049.552073750698,7074.328110626043,7147.744671359081
2022-11-08,18541.271484375,6438.5212129221,0.9984599721509717,6448.452008598464,5611.717321876478,4917.575982814715,6598.890145006111
2022-11-09,15880.7802734375,5135.725357167428,0.9298523542770538,5523.162181118933,3757.8237696087463,2136.735654413116,5324.455809729117
2022-11-10,17586.771484375,5687.414367067464,0.9298497766615951,6116.48731850727,4940.804151994315,3911.20622799147,6137.679856723133
2022-11-11,17034.29296875,5509.698162924631,0.9300102524270808,5924.341316179878,4552.957542549823,3329.4363138247318,5871.059890710411
2022-11-12,16799.185546875,5464.880168372363,0.9353549682571635,5842.573518965763,4385.916404010211,3078.874606015314,5756.229693421986
2022-11-13,16353.365234375,5312.1460513068505,0.9340000759376049,5687.522076456154,4072.40100574512,2608.6015086176767,5540.707724699279
2022-11-14,16618.19921875,5420.957774292526,0.9379422610214311,5779.628447905774,4253.145971575618,2879.718957363423,5664.958434833681
2022-11-15,16884.61328125,5500.695177204788,0.93672152884057,5872.284353294719,4434.934411741532,3152.401617612294,5789.926467448334
2022-11-16,16669.439453125,5403.294383714018,0.9320123657178696,5797.449242588327,4281.785720783195,2922.678581174788,5684.646447502591
2022-11-17,16687.517578125,5409.12435041324,0.9320072062348195,5803.7366173007995,4290.878228237759,2936.317342356635,5690.896970182107
2022-11-18,16697.77734375,5416.433327118052,0.9326931279239731,5807.3048518907535,4294.530314506534,2941.795471759797,5693.407548057858
2022-11-19,16711.546875,5420.3289237567815,0.9325948895286781,5812.093744687095,4300.620843852403,2950.9312657786004,5697.594401024087
2022-11-20,16291.83203125,5279.676987356138,0.9317973481195334,5666.121499498889,4005.2766805762913,2507.9150208644332,5494.56400483855
2022-11-21,15787.2841796875,5119.000679789847,0.932313132237364,5490.645259393993,3651.0298132108637,1976.544719816292,5251.041732277338
2022-11-22,16189.76953125,5242.279251947765,0.9310296806864866,5630.625275106608,3927.611469471029,2391.4172042065393,5439.541741648128
2022-11-23,16610.70703125,5415.260652796089,0.9373791466879464,5777.022746804106,4216.940199217943,2825.4102988269096,5722.315052311781
2022-11-24,16604.46484375,5417.4099431096265,0.938103720675576,5774.851782069764,4209.133358680018,2813.7000380200234,5714.685094005659
2022-11-25,16521.841796875,5390.0698962532415,0.938037020623449,5746.116387464998,4148.2148996380065,2722.322349457005,5655.146885135403
2022-11-26,16464.28125,5370.701024646637,0.9379339183369148,5726.097457025146,4104.7413802840865,2657.1120704261257,5612.658360042642
2022-11-27,16444.626953125,5366.317577614817,0.9382884828403543,5719.2619069244965,4087.6387229386332,2631.458084407946,5595.943203400749
2022-11-28,16217.322265625,5292.091519253592,0.9382795266142273,5640.207815628307,3926.146415656877,2389.219623485311,5438.1098820547495
2022-11-29,16444.982421875,5386.377807534109,0.9417756111207412,5719.385535078955,4081.0702232371264,2621.605334855685,5589.52352842304
2022-11-30,17168.56640625,5629.038479595944,0.9427232668079433,5971.040153337727,4580.796835662668,3371.195253493998,6077.927665633719
2022-12-01,16967.1328125,5603.675172085498,0.9496171169094842,5900.983746294067,4437.1434313275695,3155.7151469913506,5937.529065164718
2022-12-02,17088.66015625,5666.141294882018,0.9533742727671607,5943.249631056324,4518.109251073451,3277.163876610172,6016.660414893335
2022-12-03,16908.236328125,5618.182526020659,0.9553919468064443,5880.500191361633,4389.082071569252,3083.623107353874,5890.55664792242
2022-12-04,17130.486328125,5689.000248990178,0.9548833068203482,5957.796317472443,4540.099646000388,3310.1494690005775,6038.152565989877
2022-12-05,16974.826171875,5625.057642294153,0.9528086308836516,5903.659412779852,4428.283640967538,3142.4254614513025,5928.870014077454
2022-12-06,17089.50390625,5664.254769005759,0.9530097947590561,5943.54307810427,4504.4848457695125,3256.727268654263,6001.5436989469645
2022-12-07,16848.126953125,5583.483932686867,0.9528788452549395,5859.594806297778,4333.072545272748,2999.608817909117,5782.074049668093
2022-12-08,17233.474609375,5711.126002809706,0.9528684210828442,5993.6145184867755,4597.515800939654,3396.2737014094746,6120.656919200693
2022-12-09,17133.15234375,5677.401463933054,0.9527881997971356,5958.723528630883,4524.15858711069,3286.2378806660286,6026.733192930991
2022-12-10,17128.724609375,5679.98486928347,0.9534681554696665,5957.183610904741,4517.504441491862,3276.2566622377867,6018.2134834295
2022-12-11,17104.193359375,5672.0723805762655,0.953505511279141,5948.651909695941,4496.8718479284435,3245.3077718926606,5991.796312316612
2022-12-12,17206.4375,5703.488889326018,0.9530894878201408,5984.211306716599,4564.400115185731,3346.6001727785915,6078.256881881434
2022-12-13,17781.318359375,5860.520477612631,0.9476681200269051,6184.148599877187,4960.56421234698,3940.846318520465,6585.489998809946
2022-12-14,17815.650390625,5901.69786542065,0.952487602265628,6196.088905916064,4980.727171081183,3971.0907566217693,6611.305867735311
2022-12-15,17364.865234375,5783.622209785466,0.9576626297416413,6039.310744897476,4663.547262597071,3495.320893895599,6205.201037034279
2022-12-16,16647.484375,5544.467578387268,0.9576245543615678,5789.813505861566,4161.078896421734,2741.618344632594,5561.860064544906
2022-12-17,16795.091796875,5585.9956281963905,0.9563178244411981,5841.149757362765,4260.246709569714,2890.370064354565,5688.830679303972
2022-12-18,16757.9765625,5572.052363760497,0.9560434960373491,5828.241483631011,4230.9332172160275,2846.399825824036,5651.298822678993
2022-12-19,16439.6796875,5465.87862148946,0.9559841080076182,5717.541301895683,4006.102328964235,2509.1534934463466,5363.434089234092
2022-12-20,16906.3046875,5620.9276251787705,0.9559679729468668,5879.828387818998,4327.148603778171,2990.7229056672513,5774.489265154989
2022-12-21,16817.53515625,5598.8806007540115,0.9572445507193554,5848.955312983014,4261.893080918413,2892.839621377615,5690.9386292085865
2022-12-22,16830.341796875,5603.579375563571,0.95731890022119,5853.409322921398,4267.289055201428,2900.933582802137,5697.847425018333
2022-12-23,16796.953125,5591.196565042122,0.9571021489871694,5841.797106984738,4240.559545063919,2860.8393175958745,5663.62399882153
2022-12-24,16847.755859375,5608.014698589364,0.9570863528625502,5859.465743938727,4272.381139525533,2908.5717092882956,5704.3671319324285
2022-12-25,16841.986328125,5603.89261705368,0.9567104883286863,5857.459163893282,4264.853503936307,2897.2802559044553,5694.729039812557
2022-12-26,16919.8046875,5629.6467161876635,0.9566869224601517,5884.523540586133,4315.451543197658,2973.1773147964836,5759.512803280554
2022-12-27,16717.173828125,5529.371502992899,0.9510359906595017,5814.050737615642,4171.017506814105,2756.526260221155,5574.585075123564
2022-12-28,16552.572265625,5476.85575593847,0.9513708738234504,5756.804109345512,4053.0701678082396,2579.605251712355,5423.569885140261
2022-12-29,16642.341796875,5508.726089603459,0.951745390705554,5788.024973275358,4112.039080683967,2668.058621025945,5499.071389931257
2022-12-30,16602.5859375,5495.453226370097,0.9517257501042387,5774.198318967626,4080.92125307712,2621.381879615675,5459.229332556128
2022-12-31,16547.49609375,5478.216225360535,0.951899116141667,5755.038672128819,4039.1489361962294,2558.7234042943387,5405.745681097941
2023-01-01,16625.080078125,5507.152557996016,0.952461439989951,5782.021535752797,4089.6454505227334,2634.468175784095,5470.399455984141
2023-01-02,16688.470703125,5529.244737852433,0.9526498722939817,5804.068103780886,4130.256145716645,2695.3842185749627,5522.395812169485
2023-01-03,16679.857421875,5525.447808516555,0.9524872874706366,5801.072498499771,4120.7842916553145,2681.176437482967,5510.268418261134
2023-01-04,16863.23828125,5584.123816005402,0.9521340651323346,5864.8503614134215,4244.821107265766,2867.2316608986443,5669.080337480476
2023-01-05,16836.736328125,5574.914983047248,0.9520601316536847,5855.6332711505065,4222.873546777247,2834.310320165865,5640.979533810129
2023-01-06,16951.96875,5613.989158393545,0.952215984253513,5895.709850737926,4299.489280041644,2949.2339200624597,5739.075341754193
2023-01-07,16955.078125,5614.582492986656,0.9521419782142745,5896.791257451653,4298.114018714626,2947.171028071934,5737.314510587278
2023-01-08,17091.14453125,5659.430711587235,0.9521067439447266,5944.113669586387,4389.192374782342,3083.788562173509,5853.927698819095
2023-01-09,17196.5546875,5693.963846355466,0.9520446153468358,5980.774172312417,4458.924915731014,3188.3873735965176,5943.21053477064
2023-01-10,17446.29296875,5776.246718455683,0.9519773479778963,6067.630422850985,4628.996838554441,3443.495257831657,6160.964016557354
2023-01-11,17934.896484375,5937.583182916417,0.9519077737583402,6237.561396807948,4965.116249630281,3947.674374445418,6591.318250476688
2023-01-12,18869.587890625,6263.099165021035,0.9543571106009926,6562.6368740281505,5611.32962194627,4916.9944329194,7418.704743572522
2023-01-13,19909.57421875,6678.576181678829,0.9645082634007572,6924.332776715521,6330.566827654979,5995.850241482465,8339.588115581091
2023-01-14,20976.298828125,7051.873291692709,0.9666286873482166,7295.327962010252,7068.180001467236,7102.270002200851,9283.999363145602
2023-01-15,20880.798828125,7019.37216359478,0.9665742046337282,7262.11410354644,6997.395016077484,6996.092524116221,9193.369018224745
2023-01-16,21169.6328125,7116.417620643587,0.9665673971063113,7362.567413248746,7193.884095034147,7290.826142551217,9444.9460002778
2023-01-17,21161.51953125,7113.504582144384,0.9665421700255152,7359.745702514561,7183.8248261442695,7275.737239216402,9432.066503247162
2023-01-18,20688.78125,6951.349089012358,0.9660914355836305,7195.332484044787,6850.681189714293,6776.021784571438,9005.52233555976
2023-01-19,21086.79296875,7089.854184678123,0.9667424967794243,7333.756619055272,7123.129205763828,7184.693808645741,9354.354189258876
2023-01-20,22676.552734375,7631.936708428561,0.9677022855846031,7886.657727400114,8224.199427817073,8836.299141725609,10764.121719156748
2023-01-21,22777.625,7681.868107488033,0.9697112825297023,7921.809559076402,8289.750005434205,8934.625008151306,10848.05013175005
2023-01-22,22720.416015625,7662.06602890085,0.9696469864414177,7901.9128982398615,8245.215536022177,8867.823304033267,10791.029927515276
2023-01-23,22934.431640625,7745.161768438218,0.9710163709896529,7976.345198530902,8389.29432948514,9083.94149422771,10975.502816439814
2023-01-24,22636.46875,7647.6930056439915,0.9714172438252232,7872.7169547959575,8177.314211842375,8765.97131776356,10704.091710362103
2023-01-25,23117.859375,7809.816045827242,0.9713533176724907,8040.1393640583265,8507.334946748677,9261.002420123015,11126.637436279882
2023-01-26,23032.77734375,7782.722242255895,0.9715591870128968,8010.548761505958,8443.347412387036,9165.021118580555,11044.71028353839
2023-01-27,23078.728515625,7797.73883730764,0.9714956228401129,8026.530077934257,8470.494127196875,9205.741190795312,11079.467882387027
2023-01-28,23031.08984375,7751.308777126458,0.9677085740774894,8009.961867410066,8432.551729028046,9148.82759354207,11030.887910035108
2023-01-29,23774.56640625,7983.935239895196,0.9655803995892951,8268.534907389509,8944.7366880425,9917.105032063748,11686.669630454508
2023-01-30,22840.138671875,7719.644712455008,0.9718128056097843,7943.551132371789,8290.003007327636,8935.004510991455,10848.374065543936
2023-01-31,23139.283203125,7844.297828698958,0.9747387105212841,8047.590337828973,8493.252864039307,9239.87929605896,11108.607284742422
2023-02-01,23723.76953125,8042.034426737006,0.9746894661600507,8250.868308262243,8894.858283920887,9842.287425881332,11622.807259857793
2023-02-02,23471.87109375,7970.235999742656,0.9763544514351139,8163.260778938886,8714.745268806812,9572.117903210217,11392.197553651831
2023-02-03,23449.322265625,7961.506365217603,0.9762229030661028,8155.418542437645,8694.167544678865,9541.2513170183,11365.850635232156
2023-02-04,23331.84765625,7922.843428616355,0.9763734971493365,8114.562154491331,8607.586031493543,9411.379047240316,11254.995029900756
2023-02-05,22955.666015625,7796.125156618173,0.9765015701542098,7983.730282570876,8341.13204948309,9011.698074224636,10913.837704485262
2023-02-06,22760.109375,7729.417273435136,0.9764644790742925,7915.717815729227,8200.357685110357,8800.536527665536,10733.595678173251
2023-02-07,23264.291015625,7900.142442041766,0.9764030804715841,8091.0666916640075,8546.200796964918,9319.301195447379,11176.399760752303
2023-02-08,22939.3984375,7796.816539828169,0.9772807210890768,7978.072596315454,8315.425762710021,8973.138644065033,10880.924373726632
2023-02-09,21819.0390625,7424.1673046628275,0.9783543297500469,7588.423824484507,7531.575164753438,7797.362747130157,9877.312524856936
2023-02-10,21651.18359375,7368.976532992524,0.9786098251834778,7530.045523108179,7410.300534686916,7615.450802030374,9722.037200682478
2023-02-11,21870.875,7443.523875479261,0.9785802990592746,7606.4517982171155,7558.549213825859,7837.823820738788,9911.849049204364
2023-02-12,21788.203125,7415.083381438043,0.9785401833412941,7577.699421723,7496.497841184594,7744.746761776892,9832.400882699489
2023-02-13,21808.1015625,7392.566441153146,0.9746785675322364,7584.619881270392,7505.7879883506175,7758.681982525926,9844.295626159364
2023-02-14,22220.8046875,7456.125723522887,0.9648004141390784,7728.153527148122,7788.218387989787,8182.32758198468,10205.90853593809
2023-02-15,24307.841796875,8163.252073447823,0.9656079819401552,8454.002272273834,9234.843476877848,10352.265215316771,12058.11109069158
2023-02-16,23623.474609375,7949.439085492853,0.9675574281771531,8215.986828264386,8753.88299676199,9630.824495142984,11442.307979817297
2023-02-17,24565.6015625,8265.87514224139,0.9674877575301989,8543.64830759461,9404.079766437886,10606.11964965683,12274.794660116637
2023-02-18,24641.27734375,8311.316909862617,0.9698189510581807,8569.967518982841,9451.576208702956,10677.364313054433,12335.607259304092
2023-02-19,24327.642578125,8204.649232476524,0.9697148204413415,8460.88876804253,9228.342173561508,10342.51326034226,12049.78707453546
2023-02-20,24829.1484375,8374.056526273225,0.969746239587626,8635.307036441,9571.997526136583,10857.996289204875,12489.79003513911
2023-02-21,24436.353515625,8242.241670362795,0.9698241308417358,8498.697246488533,9293.678727883758,10440.518091825636,12133.441460017935
2023-02-22,24188.84375,8134.124003459502,0.9668959044029034,8412.616049379842,9116.468764036745,10174.703146055115,11906.548707855382
2023-02-23,23947.4921875,8060.999282914839,0.9678607613388603,8328.676608155809,8943.592675623788,9915.38901343568,11685.204881404545
2023-02-24,23198.126953125,7795.398991647778,0.9662054185292888,8068.05555232091,8417.509730622596,9126.264595933893,11011.628719738204
2023-02-25,23175.375,7718.589986301054,0.957624486464609,8060.142671159978,8396.847882698035,9095.271824047053,10985.174092477995
2023-02-26,23561.212890625,7846.999622408877,0.9576129913037149,8194.332881518038,8660.311703685244,9490.467555527865,11322.502931902944
2023-02-27,23522.87109375,7838.662266031292,0.9581547684349047,8180.998022725844,8628.73338728722,9443.10008093083,11282.071282572026
2023-02-28,23147.353515625,7712.604137637366,0.9580402106283274,8050.397104500531,8362.701312573894,9044.05196886084,10941.454150866435
2023-03-01,23646.55078125,7878.885380682299,0.9580342211563914,8224.012469170593,8704.997634432515,9557.496451648774,11379.717061346291
2023-03-02,23475.466796875,7821.816207663697,0.9580262548542091,8164.511325270526,8581.096639837222,9371.644959755831,11221.079042077388
2023-03-03,22362.6796875,7460.17657238746,0.9592002968339826,7777.49610483978,7802.3997013128255,8203.599551969237,10224.065738497657
2023-03-04,22353.349609375,7458.577730468033,0.9593949993878781,7774.251205423026,7791.245351756062,8186.868027634093,10209.78414273083
2023-03-05,22435.513671875,7482.337402168757,0.9589264801948885,7802.8269702679145,7843.715185263678,8265.572777895517,10276.964478822609
2023-03-06,22429.7578125,7480.388163136952,0.958922681119997,7800.825145151486,7835.031039943731,8252.546559915598,10265.84563658006
2023-03-07,22219.76953125,7410.832578783863,0.9589842906833574,7727.793511093929,7684.33109572196,8026.496643582941,10072.895283490772
2023-03-08,21718.080078125,7246.430571745928,0.9593713534146485,7553.311390791508,7330.834868282642,7496.252302423965,9620.292449081138
2023-03-09,20363.021484375,6793.741476445517,0.9592920338554207,7082.0367903414,6384.036445308222,6076.054667962336,8408.048536446015
2023-03-10,20187.244140625,6541.025755651287,0.9316501641096245,7020.903347237134,6257.557017091348,5886.335525637023,8246.109190953866
2023-03-11,20632.41015625,6698.140648735444,0.9334441558012888,7175.72723242947,6562.8993511365625,6344.349026704845,8637.057651295896
2023-03-12,22163.94921875,7196.718520354257,0.9336227187679692,7708.379815190465,7623.579488769439,7935.369233154159,9995.11128647097
2023-03-13,24197.533203125,7950.396002313025,0.9447169500397455,8415.63814640834,9033.046768317345,10049.570152476017,11799.738425923331
2023-03-14,24746.07421875,8156.587737873562,0.9477335213953817,8606.41472917865,9409.436085020458,10614.154127530688,12281.652682308371
2023-03-15,24375.9609375,8086.763108727217,0.9538871906731656,8477.693366466456,9146.906743576186,10220.360115364281,11945.52031418071
2023-03-16,25052.7890625,8315.446153004163,0.9543628265647749,8713.08680676046,9612.46577208014,10918.698658120215,12541.604004839211
2023-03-17,27423.9296875,9107.12569730969,0.9548511708467764,9537.743656148376,11256.056824662282,13384.085236993425,14644.162362876235
2023-03-18,26965.87890625,8988.624246987769,0.9584350487273225,9378.438589994697,10931.81962920093,12897.729443801396,14291.292762152632
2023-03-19,28038.67578125,9348.7561320262,0.9586948032889786,9751.545643048838,11672.182807923378,14008.274211885071,15097.035172101989
2023-03-20,27767.236328125,9265.142872089666,0.9594083745401234,9657.14196160812,11477.581159864982,13716.371739797474,14885.24884156451
2023-03-21,28175.81640625,9401.276752145908,0.9593881936436136,9799.241656749244,11755.901005153177,14133.851507729769,15188.146269913404
2023-03-22,27307.4375,9134.729990283222,0.9618310819211554,9497.228943815759,11146.177241919919,13219.26586287988,14524.579646788392
2023-03-23,28333.97265625,9487.648949332586,0.9627979957920537,9854.246675625342,11854.300157533708,14281.450236300563,15295.23475358553
2023-03-24,27493.28515625,9236.843778597715,0.9660086225544093,9561.864731779306,11263.79915100257,13395.698726503859,14652.588390619543
2023-03-25,27494.70703125,9236.816092689302,0.9659557706014253,9562.359244397141,11259.0507606916,13388.576141037405,14647.420684333634
2023-03-26,27994.330078125,9401.507685972521,0.965631595267978,9736.122691142324,11600.735980567282,13901.103970850927,15019.27909169227
2023-03-27,27139.888671875,9114.555384358071,0.965631595267978,9438.95728870454,11000.74180131849,13001.11270197774,14366.301242661855
2023-03-28,27268.130859375,9157.117905385003,0.965578256651539,9483.558522890035,11084.254134575745,13126.38120186362,14457.188297276463
2023-03-29,28348.44140625,9518.375748805394,0.9654231299319262,9859.278749077155,11829.779019700542,14244.668529550816,15268.548228296026
2023-03-30,28033.5625,9459.217391320735,0.9701992981629893,9749.767299596238,11604.906260358948,13907.359390538426,15023.817636268865
2023-03-31,28478.484375,9623.533831001572,0.9716318576081108,9904.506275341831,11908.441508084929,14362.662262127396,15354.15716291757
2023-04-01,28411.03515625,9600.787776861736,0.9716365722632059,9881.048172671075,11855.596673839813,14283.395010759725,15296.645761322065
2023-04-02,28199.30859375,9529.247072772143,0.9716372768827575,9807.411983352702,11702.439848013059,14053.65977201959,15129.964119813652
2023-04-03,27790.220703125,9391.012907789484,0.9716379802678187,9665.135676562353,11412.088153026421,13618.132229539637,14813.972345539967
2023-04-04,28168.08984375,9521.6618046912,0.9719398652354,9796.554442578701,11669.04775239357,14003.571628590358,15093.623269308184
2023-04-05,28177.984375,9537.314381995911,0.9731957768195796,9799.995652636328,11670.050175117238,14005.075262675864,15094.714212948238
2023-04-06,28044.140625,9509.603315195987,0.974999304399085,9753.446256104746,11571.099314300416,13856.64897145063,14987.025301137835
2023-04-07,27925.859375,9469.494838271477,0.974999304399085,9712.309327346393,11482.9980711873,13724.497106780955,14891.144103928666
2023-04-08,27947.794921875,9476.933053336525,0.974999304399085,9719.938271317415,11492.423996166552,13738.635994249835,14901.402403810476
2023-04-09,28333.05078125,9608.130668110409,0.9750560956101766,9853.926057554438,11754.487213006065,14131.730819509103,15186.607630061346
2023-04-10,29652.98046875,10049.14442722823,0.9744168321625322,10312.983207531497,12666.413723035666,15499.620584553504,16179.063609781822
2023-04-11,30235.05859375,10253.255575154712,0.9750682364094254,10515.423631182088,13064.985316158138,16097.477974237212,16612.831853813102
2023-04-12,30139.052734375,10219.161375043568,0.974921616424355,10482.033840344622,12991.916514179,15987.874771268507,16533.310567111115
2023-04-13,30399.06640625,10318.111328379142,0.9759419907147219,10572.463759677736,13166.432874589422,16249.649311884139,16723.237939046772
2023-04-14,30485.69921875,10360.167787918523,0.9771352250387163,10602.59370703582,13220.331213081368,16330.496819622058,16781.89587666018
2023-04-15,30318.49609375,10307.548466256572,0.9775337745638012,10544.44228370119,13097.70170104189,16146.55255156284,16648.437323613143
2023-04-16,30315.35546875,10307.271462260835,0.9776087727216334,10543.35000857828,13089.191140790921,16133.786711186389,16639.175221547957
2023-04-17,29445.044921875,10026.813045492014,0.9791173291642937,10240.66549210216,12477.67770854342,15216.516562815134,15973.660889155395
2023-04-18,30397.552734375,10357.613472225616,0.9797270980358169,10571.937321107926,13133.878204162287,16200.817306243434,16687.808464217498
2023-04-19,28822.6796875,9821.778606699096,0.9798053940655345,10024.213651187723,12032.41633613117,14548.62450419676,15489.079832755644
2023-04-20,28245.98828125,9627.461256345572,0.9800292681706255,9823.646669570084,11625.388184894151,13938.08227734123,15046.108257560798
2023-04-21,27276.91015625,9277.266715738122,0.9779325692037663,9486.611866594934,10945.626611823896,12918.439917735846,14306.31899761717
2023-04-22,27817.5,9470.529586899345,0.9789042395652595,9674.6231185037,11315.844341770322,13473.766512655486,14709.22953464273
2023-04-23,27591.384765625,9403.740534525119,0.9799663903743718,9595.982706032044,11152.805927203393,13229.208890805092,14531.79369120416
2023-04-24,27525.33984375,9384.936790883507,0.980353498781799,9573.013002498958,11101.12271233572,13151.684068503582,14475.546488077083
2023-04-25,28307.59765625,9651.812061112894,0.9803697075004634,9845.073738274734,11639.337139644307,13959.005709466459,15061.289002281326
2023-04-26,28422.701171875,9693.776097964483,0.9806446792108524,9885.105485674272,11713.469571151978,14070.204356727969,15141.967844415898
2023-04-27,29473.787109375,10008.232334509292,0.9763498802552086,10250.661711448394,12438.431625673355,15157.647438510034,15930.949103505323
2023-04-28,29340.26171875,9949.033812199557,0.9749918025395347,10204.223036835368,12339.4317426252,15009.147613937803,15823.206840458732
2023-04-29,29248.48828125,9917.887057475726,0.9749891324744795,10172.30523616665,12269.492758146065,14904.239137219098,15747.091755966188
2023-04-30,29268.806640625,9924.752443192727,0.9749867375635647,10179.371739962442,12277.518142693672,14916.277214040507,15755.825837930282
2023-05-01,28091.568359375,9528.083893475949,0.9752447626045035,9769.941104866952,11452.794907839769,13679.192361759655,14858.273790651165
2023-05-02,28680.537109375,9727.570818227376,0.9752167723232277,9974.778012742434,11856.483856783088,14284.725785174633,15297.611288705546
2023-05-03,29006.30859375,9855.982246692822,0.9769930862529347,10088.077782099264,12077.03054882749,14615.545823241238,15537.633791527547
2023-05-04,28847.7109375,9785.379618437973,0.9753272579582565,10032.919246943455,11960.693726967704,14441.040590451557,15411.02361708194
2023-05-05,29534.384765625,10021.537367179792,0.9756419434914955,10271.736915405738,12432.166021743025,15148.249032614542,15924.13020305795
2023-05-06,28904.623046875,9811.4668235953,0.9760019168449977,10052.712657892755,11988.085879122327,14482.128818683492,15440.834687277047
2023-05-07,28454.978515625,9646.856459022798,0.9747911897954048,9896.331193809354,11669.38515223924,14004.077728358861,15093.990463912913
2023-05-08,27694.2734375,9388.957397911527,0.9747908265809659,9631.766263992107,11134.47623284635,13201.714349269525,14511.845357022596
2023-05-09,27658.775390625,9377.040636948577,0.9748030772498391,9619.420430435583,11104.01291347504,13156.019370212562,14478.691914130352
2023-05-10,27621.755859375,9364.693884291359,0.9748242947065884,9606.545441206952,11072.499007753057,13108.748511629583,14444.39511078694
2023-05-11,27000.7890625,9154.774614845153,0.9748891604434999,9390.579961603464,10634.933700569116,12452.400550853672,13968.189735839747
2023-05-12,26804.990234375,9085.688250405481,0.9745995774447163,9322.483264590644,10493.146816584725,12239.720224877088,13813.882081320884
2023-05-13,26784.078125,9080.090768639087,0.97475961510336,9315.210261020373,10473.011683287568,12209.517524931352,13791.968875351487
2023-05-14,26930.638671875,9129.758551180068,0.974757712479689,9366.182420813935,10569.336293422204,12354.004440133307,13896.799620231644
2023-05-15,27192.693359375,9219.929799727954,0.9748985623205755,9457.322183121827,10745.941424728113,12618.912137092171,14089.00021609784
2023-05-16,27036.650390625,9167.355714034302,0.9749340508950968,9403.052140416741,10631.759508033694,12447.639262050541,13964.735239969836
2023-05-17,27398.802734375,9290.103527622694,0.9749290451746545,9529.004775889522,10877.94737611372,12816.92106417058,14232.66321346709
2023-05-18,26832.208984375,9098.380509149283,0.9749710244241176,9331.949648989199,10478.237952523683,12217.356928785524,13797.656660603878
2023-05-19,26890.12890625,9125.494683017267,0.9757702506380026,9352.093566134658,10512.91453067492,12269.37179601238,13835.395422405334
2023-05-20,27129.5859375,9204.207928667918,0.9755000513294152,9435.374110051958,10673.81439404349,12510.721591065234,14010.503865662631
2023-05-21,26753.826171875,9082.145689152947,0.9760826747224302,9304.688961655476,10406.86128387353,12110.291925810297,13719.976934403056
2023-05-22,26851.27734375,9115.257521350948,0.976085886591501,9338.581416417665,10469.043044548056,12203.564566822082,13787.649778137991
2023-05-23,27225.7265625,9246.384831033161,0.9765096224592069,9468.810770904027,10723.820467058238,12585.730700587359,14064.925823616475
2023-05-24,26334.818359375,8928.379441511968,0.9748243133611064,9158.96261422504,10098.628776131729,11647.943164197597,13384.52534692518
2023-05-25,26476.20703125,8976.58892972724,0.9748540723924536,9208.136052298785,10191.45077064784,11787.176155971763,13485.544170803989
2023-05-26,26719.291015625,9059.2213832626,0.974877357483059,9292.67801095691,10354.959081157514,12032.438621736273,13663.49140527363
2023-05-27,26868.353515625,9109.84134093069,0.9748859252562815,9344.5203227607,10453.03699257144,12179.555488857162,13770.230280161788
2023-05-28,28085.646484375,9520.411835797004,0.9746649563180388,9767.881541326738,11293.898700778718,13440.848051168081,14685.345940524816
2023-05-29,27745.884765625,9405.460055227837,0.9746877459665926,9649.71612103371,11051.778030520043,13077.667045780066,14421.844326777067
2023-05-30,27702.349609375,9390.693701254555,0.9746868579566692,9634.575068490385,11015.7151803923,13023.572770588453,14382.596875517118
2023-05-31,27219.658203125,9233.027756169162,0.9753163722240058,9466.700261695767,10674.285546646046,12511.42831996907,14011.016624325335
2023-06-01,26819.97265625,9101.414247950275,0.9757410845734301,9327.693987518409,10390.676381898818,12086.01457284823,13702.362792726804
2023-06-02,27249.58984375,9246.16788840201,0.9756315725396425,9477.110159866535,10683.822460499152,12525.733690748732,14021.395714172486
2023-06-03,27075.12890625,9188.92848498558,0.9758394685013985,9416.434548499112,10556.821377035205,12335.23206555281,13883.17954946127
2023-06-04,27119.06640625,9204.007289149704,0.9758571765769478,9431.715531810669,10581.724314339233,12372.586471508854,13910.281589777202
2023-06-05,25760.09765625,8744.118505267454,0.9760061868093034,8959.081021661515,9631.07984542793,10946.619768141896,12875.688585425793
2023-06-06,27238.783203125,9224.95496332143,0.9737794212731243,9473.351728115877,10653.93724729978,12480.905870949671,13988.87142825829
2023-06-07,26345.998046875,8938.878441126113,0.9755564778172467,9162.850787610325,10027.437655816111,11541.156483724168,13307.047554270655
2023-06-08,26508.216796875,8994.740748334852,0.9756457959237949,9219.268699680237,10134.741918736127,11702.11287810419,13423.82753183816
2023-06-09,26480.375,8986.111594300135,0.9757346268182259,9209.585626373591,10109.850020747015,11664.775031120524,13396.73750568563
2023-06-10,25851.240234375,8771.289707744603,0.9755872435067384,8990.779416319849,9666.843132989734,11000.264699484602,12914.610020656382
2023-06-11,25940.16796875,8799.491199368358,0.9753687078857711,9021.707512477322,9723.286300797196,11084.929451195792,12976.037513758938
2023-06-12,25902.5,8774.691077683545,0.9740341735434775,9008.607003758141,9691.680119156577,11037.520178734867,12941.640285889836
2023-06-13,25918.728515625,8780.081045323637,0.9740222391784171,9014.251104502084,9697.559769981763,11046.339654972644,12948.039150881636
2023-06-14,25124.67578125,8511.120519786286,0.9740254735426421,8738.08822353523,9139.991155113934,10209.986732670899,12341.233339400098
2023-06-15,25576.39453125,8610.525816817302,0.9679978474935735,8895.191078278165,9448.859749952835,10673.289624929253,12677.37718490118
2023-06-16,26327.462890625,8861.483784128954,0.9677907764455771,9156.404462413548,9965.792675546154,11448.689013319232,13239.958892392977
2023-06-17,26510.67578125,8947.116105830502,0.9703900072783757,9220.123907627838,10087.699491630157,11631.549237445237,13372.63093039232
2023-06-18,26336.212890625,8880.000569453701,0.9694908405815932,9159.447616984839,9960.85124177397,11441.276862660956,13234.581095562136
2023-06-19,26851.029296875,9050.983737158522,0.9692122331605106,9338.495148419772,10313.343207554784,11970.014811332176,13618.200559844669
2023-06-20,28327.48828125,9549.867471913165,0.9693337119304339,9851.991480719831,11334.424677266468,13501.637015899703,14729.450643323697
2023-06-21,30027.296875,10147.836996120428,0.9717203226819571,10443.166371278832,12510.508558561703,15265.762837842556,16009.39093215951
2023-06-22,29912.28125,10129.346712595,0.9736793107049155,10403.16519128012,12424.264299449513,15136.39644917427,15915.53070358728
2023-06-23,30695.46875,10394.35753785604,0.9736602101244635,10675.549262229095,12962.627111790127,15943.94066768519,16501.434706256565
2023-06-24,30548.6953125,10346.652758896536,0.9738481601543372,10624.503061397972,12854.16000829104,15781.240012436563,16383.389201178385
2023-06-25,30480.26171875,10323.419365535854,0.9738429377122887,10600.702603837946,12800.198671608687,15700.298007413028,16324.662702195064
2023-06-26,30271.130859375,10252.502602107346,0.9738347856879197,10527.969171757351,12648.415025944443,15472.622538916665,16159.47550223269
2023-06-27,30688.1640625,10392.922153181667,0.9737574825997892,10673.008771582527,12932.090420331842,15898.135630497763,16468.20141201044
2023-06-28,30086.24609375,10192.9240916842,0.9741253097797037,10463.66826665176,12507.13120951032,15260.696814265482,16005.715339636668
2023-06-29,30445.3515625,10310.897567054893,0.9737770166234538,10588.56123222918,12750.564003925821,15625.846005888732,16270.64494725372
2023-06-30,30477.251953125,10324.879212014139,0.9740768349173381,10599.65584017849,12766.393426320335,15649.5901394805,16287.872218024086
2023-07-01,30590.078125,10353.55764067228,0.9731797431241872,10638.895552258804,12838.489513149609,15757.734269724413,16366.334892045745
2023-07-02,30620.76953125,10363.905305688711,0.9731759694249267,10649.56968862784,12853.448044074503,15780.172066111754,16382.614365557003
2023-07-03,31156.439453125,10545.174431853917,0.9731728585097179,10835.869845365827,13219.546835643258,16329.320253464884,16781.042233224824
2023-07-04,30777.58203125,10422.93029211312,0.9737318522522067,10704.107365909062,12949.59941231018,15924.39911846527,16487.25657007051
2023-07-05,30514.166015625,10323.436004234083,0.9727624684408247,10612.494148526128,12760.005481055196,15640.008221582793,16280.920172648952
2023-07-06,29909.337890625,10119.017289141726,0.9727821205640483,10402.14152299018,12333.058945069504,14999.588417604258,15816.271280441411
2023-07-07,30342.265625,10255.237908708421,0.97181092013181,10552.70906743615,12627.862408520985,15441.79361278148,16137.107945377527
2023-07-08,30292.541015625,10238.421600364187,0.9718099591498016,10535.41539059898,12586.95380561229,15380.430708418433,16092.586827576675
2023-07-09,30171.234375,10197.541107133207,0.9718213303130168,10493.22626397658,12496.2796166091,15244.419424913653,15993.905475414213
2023-07-10,30414.470703125,10280.296499278507,0.971872779748011,10577.821206129473,12659.122808191207,15488.684212286813,16171.128856317113
2023-07-11,30620.951171875,10354.582379199774,0.9722947742987602,10649.632861256217,12796.356338727943,15694.534508091918,16320.4810645284
2023-07-12,30391.646484375,10277.029365714781,0.9722935607949309,10569.883191772304,12630.515069845052,15445.77260476758,16139.994855193494
2023-07-13,31476.048828125,10643.70138580492,0.9722915520051058,10947.02650028685,13378.23347097397,16567.350206460957,16953.742004975706
2023-07-14,30334.068359375,10259.935285973794,0.9725187905073858,10549.858147852286,12577.566851216134,15366.350276824202,16082.370939652194
2023-07-15,30295.806640625,10259.462330407243,0.9737021340962004,10536.551139358624,12544.630903545194,15316.946355317796,16046.526518139846
2023-07-16,30249.1328125,10241.367451353986,0.9734845442318627,10520.318490967964,12505.853415669293,15258.78012350394,16004.324707689431
2023-07-17,30145.888671875,10206.33011712714,0.9734766998698752,10484.411304853444,12427.748396657338,15141.622594986013,15919.322470873138
2023-07-18,29856.5625,10110.709506322657,0.9737015680138783,10383.786817706501,12220.269150272832,14830.403725409251,15693.52136028198
2023-07-19,29913.923828125,10123.473623072912,0.9730613284960119,10403.736462037812,12253.926197058228,14880.889295587345,15730.150558988807
2023-07-20,29792.015625,10082.083976483293,0.9730484480999906,10361.338118538633,12162.91270718875,14744.369060783129,15631.099943327616
2023-07-21,29908.744140625,10122.27654618057,0.9731147640885116,10401.935023215698,12237.86535552895,14856.798033293428,15712.67143316039
2023-07-22,29771.802734375,10078.835337082231,0.9733953296853225,10354.308295623836,12136.39931536785,14704.598973051778,15602.245234131293
2023-07-23,30084.5390625,10184.63561459799,0.973388418186401,10463.07457980013,12347.654038972558,15021.481058458841,15832.155222907562
2023-07-24,29176.916015625,9883.17148160802,0.9739596982608121,10147.413182759286,11710.242796981216,14065.364195471831,15138.45612358559
2023-07-25,29227.390625,9896.034654835683,0.9735431479488437,10164.967701416852,11739.252853675498,14108.87928051325,15170.02797057284
2023-07-26,29354.97265625,9946.983352695202,0.9743023540491532,10209.339340458351,11821.87052815422,14232.805792231336,15259.941361800327
2023-07-27,29210.689453125,9898.24460010235,0.9743173022161963,10159.159215984015,11715.414783675955,14073.122175513938,15144.084832769691
2023-07-28,29319.24609375,9936.000683328904,0.9744125185795742,10196.914031659677,11784.806266608284,14177.20939991243,15219.604067511122
2023-07-29,29356.91796875,9949.942684336935,0.9745276386278374,10210.015898930005,11804.883991609584,14207.32598741438,15241.454795631833
2023-07-30,29275.30859375,9916.809348720803,0.9739900565685502,10181.633048348118,11742.009310616802,14113.013965925207,15173.027841882806
2023-07-31,29230.111328125,9903.188924008413,0.9741562824520459,10165.913932291363,11704.471530143917,14056.70729521588,15132.175213643566
2023-08-01,29675.732421875,10060.544412217378,0.9747743147263839,10320.896088692429,12008.243305292832,14512.364957939255,15462.772154735958
2023-08-02,29151.958984375,9883.069354418007,0.9747834334937155,10138.733399475366,11637.834686819022,13956.752030228537,15059.65387239498
2023-08-03,29178.6796875,9893.130253649058,0.974882178990136,10148.026568602563,11650.332209132255,13975.498313698386,15073.25501307358
2023-08-04,29074.091796875,9857.996477950974,0.974914528119009,10111.652040893166,11571.516162488924,13857.27424373339,14987.478959928068
2023-08-05,29042.126953125,9850.519808843937,0.9752473302068754,10100.535016849915,11543.221793392313,13814.832690088475,14956.686000743848
2023-08-06,29041.85546875,9850.505019960927,0.9752549826742255,10100.440597545137,11536.972690424229,13805.459035636348,14949.885058408743
2023-08-07,29180.578125,9899.961258257892,0.9754918473192937,10148.686824460441,11627.375932160161,13941.063898240249,15048.27153677094
2023-08-08,29765.4921875,10103.290619424588,0.9759640448814699,10352.113556244405,12028.018127594343,14542.02719139152,15484.293231736348
2023-08-09,29561.494140625,9999.148184727555,0.9725695416324447,10281.16526037215,11879.952836693608,14319.929255040417,15323.152743191147
2023-08-10,29429.591796875,9958.298094429307,0.9729374604389626,10235.291063761075,11782.063268833203,14173.09490324981,15216.618843905602
2023-08-11,29397.71484375,9949.462552257093,0.9731282710568733,10224.204607118652,11753.755832784085,14130.633749176137,15185.811663865856
2023-08-12,29415.96484375,9957.058512399239,0.9732670092337545,10230.551758081632,11760.311803655197,14140.467705482803,15192.946572679612
2023-08-13,29282.9140625,9912.457853482474,0.9733098124368182,10184.278147433075,11661.654015469623,13992.481023204444,15085.576613857393
2023-08-14,29408.443359375,9953.0982192838,0.9731287278182333,10227.935867846354,11742.832694775472,14114.249042163217,15173.923936604142
2023-08-15,29170.34765625,9846.236350141504,0.9705383307227045,10145.128779004097,11571.131439823554,13856.69715973534,14987.060263568676
2023-08-16,28701.779296875,9696.613159624529,0.9713937175975395,9982.165813884703,11239.216210096436,13358.824315144662,14625.834604614778
2023-08-17,26664.55078125,9037.346926733399,0.9745199264934629,9273.63995444584,9816.60030724604,11224.90046086907,13077.59179765494
2023-08-18,26049.556640625,8961.571152909299,0.9891629980716701,9059.751699547485,9383.387946429604,10575.081919644417,12606.12376459256
2023-08-19,26096.205078125,8972.80788935672,0.9886328882441693,9075.975517355684,9410.38999673559,10615.584995103392,12635.510284225613
2023-08-20,26189.583984375,9001.858996337416,0.9882973868749805,9108.451682546189,9469.87725610707,10704.815884160613,12700.250683403714
2023-08-21,26124.140625,8979.14097287721,0.9882727443938589,9085.691195889878,9418.904868076914,10628.357302115379,12644.777078080497
2023-08-22,26031.65625,8947.355941461386,0.9882730556225453,9053.526138912242,9349.142638438296,10523.713957657454,12568.854357113398
2023-08-23,26431.640625,9086.809746586136,0.9884878949056359,9192.636342252415,9621.84746331329,10932.771194969944,12865.640919593116
2023-08-24,26162.373046875,8989.05841463531,0.9879184805573568,9098.98801524993,9429.09141649917,10643.637124748766,12655.863169759148
2023-08-25,26047.66796875,8949.664888036888,0.9879204320119721,9059.094840067477,9343.869609230223,10515.804413845344,12563.115682657466
2023-08-26,26008.462890625,8936.054466001258,0.9879049513681722,9045.459741471597,9311.172136193582,10466.758204290381,12527.530794752509
2023-08-27,26089.693359375,8964.03610180673,0.98791291533854,9073.710812592139,9362.230051947106,10543.34507792067,12583.097480493452
2023-08-28,26106.150390625,8969.91041165596,0.9879371365841849,9079.434388578233,9368.22954328615,10552.344314929234,12589.62676875213
2023-08-29,27727.392578125,9520.069904235294,0.9872227317778496,9643.28473989956,10490.144275084862,12235.216412627306,13810.614394469894
2023-08-30,27297.265625,9372.595603990954,0.9872446165451142,9493.691276626632,10185.26113377303,11777.891700659557,13478.807945832854
2023-08-31,25931.47265625,8930.089189677203,0.9901765940508874,9018.683377622101,9229.834125737394,10344.751188606102,12439.010070803834
2023-09-01,25800.724609375,8919.236080807634,0.9939849230920927,8973.21063287523,9133.504709863928,10200.257064795902,12334.1740958046
2023-09-02,25868.798828125,8955.813858343237,0.9954348376857426,8996.88610372965,9175.45751991053,10263.186279865804,12379.831631514877
2023-09-03,25969.56640625,8990.845113140018,0.9954509339286367,9031.931968416402,9240.130090102986,10360.195135154489,12450.215240616571
2023-09-04,25812.416015625,8936.55076508297,0.9954634336901915,8977.276776460889,9125.433340126081,10188.150010189132,12325.389967837313
2023-09-05,25779.982421875,8929.200150301607,0.9958959860123047,8965.996726279891,9097.493641728317,10146.240462592486,12294.982999247764
2023-09-06,25753.236328125,8920.585135758914,0.9959684245233682,8956.694726570233,9073.515625473061,10110.273438209599,12268.887556958676
2023-09-07,26240.1953125,9092.543057253926,0.9963280192998876,9126.053750493931,9406.75804107016,10610.137061605248,12631.557601549332
2023-09-08,25905.654296875,8967.027276209777,0.9952632453363461,9009.704033810069,9168.65278528215,10252.979177923233,12372.42599136946
2023-09-09,25895.677734375,8964.510065897124,0.9953671837842167,9006.234294178337,9156.309565442178,10234.464348163276,12358.99277914846
2023-09-10,25832.2265625,8941.624423349089,0.9952647533346621,8984.166668607453,9106.783814299248,10160.175721448883,12305.093558836996
2023-09-11,25162.654296875,8726.81393801837,0.9972023804256814,8751.296737070668,8635.793173183436,9453.689759775163,11792.5111598972
2023-09-12,25833.34375,9003.713649418605,1.0021323743608919,8984.555214235754,9096.919394385062,10145.3790915776,12294.358041859878
2023-09-13,26228.32421875,9138.523420637977,1.0018196057165436,9121.925113555468,9366.186037956359,10549.279056934547,12587.402807652375
2023-09-14,26539.673828125,9220.52858456797,0.9989512125468938,9230.209112074259,9577.215909526698,10865.823864290054,12817.068088391752
2023-09-15,26608.693359375,9214.958702262737,0.9957581861851122,9254.213352306471,9619.671861979736,10929.507792969613,12863.273197491362
2023-09-16,26568.28125,9191.185844718395,0.9947000241508798,9240.15846140589,9586.017985101731,10879.026977652607,12826.647448616855
2023-09-17,26534.1875,9175.549409042334,0.9942837129185064,9228.301026987036,9556.766135647831,10835.149203471756,12794.812456883294
2023-09-18,26754.28125,9217.982113135864,0.9906645302653074,9304.847232864206,9704.275639062453,11056.413458593686,12955.348078031851
2023-09-19,27211.1171875,9377.931799575521,0.9909340194677205,9463.729789610888,10016.362514682049,11524.54377202308,13294.994400947606
2023-09-20,27132.0078125,9359.658140337078,0.9918867618030532,9436.216411763655,9955.674029140526,11433.511043710798,13228.946698952508
2023-09-21,26567.6328125,9195.312964616702,0.9951709630817529,9239.93294191534,9557.563129678745,10836.344694518126,12795.67983104457
2023-09-22,26579.568359375,9221.134206855264,0.997517354006625,9244.083994947743,9560.318785346582,10840.478178019881,12798.67883032304
2023-09-23,26579.390625,9220.796698657494,0.9974875133617614,9244.022180870514,9554.648743883601,10831.973115825409,12792.508084661727
2023-09-24,26256.826171875,9109.626223324205,0.9975676792325782,9131.837782006107,9324.800843485584,10487.201265228385,12542.363011931247
2023-09-25,26298.48046875,9141.862087419153,0.9995120876523897,9146.324692171718,9348.286869001502,10522.430303502264,12567.923017268064
2023-09-26,26217.25,9114.014914259213,0.9995548723381009,9118.073621051177,9286.31388258779,10429.470823881695,12500.477384016953
2023-09-27,26352.716796875,9155.072357968573,0.998896352352747,9165.187495584709,9375.042519157503,10562.563778736263,12597.041377899746
2023-09-28,27021.546875,9388.61410179892,0.9990226221789898,9397.799302403393,9834.62745321343,11251.941179820155,13097.21086631438
2023-09-29,26911.720703125,9314.667526907551,0.9951990024683042,9359.602957604664,9752.619001841409,11128.928502762124,13007.960496842024
2023-09-30,26967.916015625,9334.64471880797,0.9952551809607787,9379.147074418326,9786.079747224081,11179.119620836133,13044.37605936346
2023-10-01,27983.75,9660.672725839493,0.9926256615003533,9732.443055358242,10486.832243270697,12230.248364906058,13807.009887151777
2023-10-02,27530.78515625,9475.884139443839,0.9896581047536146,9574.906822799128,10166.01483405879,11749.022251088194,13457.862063649578
2023-10-03,27429.978515625,9453.034033356891,0.9908999236724334,9539.847372600896,10090.172025238764,11635.258037858159,13375.321805959527
2023-10-04,27799.39453125,9584.780387326176,0.9913588097271904,9668.326233933192,10341.328752162997,12011.993128244507,13648.657423184744
2023-10-05,27415.912109375,9453.815772518745,0.9914903158492048,9534.955229917316,10068.865770993292,11603.29865648995,13352.134060895864
2023-10-06,27946.59765625,9640.898835701812,0.9919108120032282,9719.521875390583,10432.167348814593,12148.251023221905,13747.517701337389
2023-10-07,27968.83984375,9649.893526223166,0.9920466853399398,9727.257465626715,10441.802174807483,12162.703262211235,13758.003349649
2023-10-08,27935.08984375,9665.08378159102,0.9948087385668567,9715.519583708876,10412.497099221579,12118.74564883238,13726.110431544836
2023-10-09,27583.677734375,9603.967560965439,1.0011117419249156,9593.302284617243,10162.30651966754,11743.459779501321,13453.82627923954
2023-10-10,27391.01953125,9594.622593765935,1.007172222832327,9526.297862727333,10022.581897170088,11533.872845755144,13301.76299827704
2023-10-11,26873.3203125,9431.627343892194,1.009135176586349,9346.247720545252,9656.873864173598,10985.31079626041,12903.760395888172
2023-10-12,26756.798828125,9409.796085169835,1.0111837917498931,9305.722819079027,9570.240627549698,10855.36094132456,12809.47684037761
2023-10-13,26862.375,9480.505654403105,1.0147782140967427,9342.441060228843,9638.071645213193,10957.107467819802,12883.29780988586
2023-10-14,26861.70703125,9481.423380001817,1.0149016828648074,9342.208747982551,9632.001695471821,10948.002543207745,12876.691841256625
2023-10-15,27159.65234375,9582.24024365592,1.0144412246182462,9445.83087823733,9833.578457454436,11250.367686181668,13096.069236915231
2023-10-16,28519.466796875,10003.61435903674,1.0085549855504503,9918.759514710004,10773.484474690958,12660.226712036449,14118.975509429849
2023-10-17,28415.748046875,9867.208410160414,0.9984337403323492,9882.687264631013,10695.4103621742,12543.11554326131,14034.006908367784
2023-10-18,28328.341796875,9842.467107184859,0.9990031537204693,9852.288324145646,10628.701108208978,12443.051662313477,13961.40676211441
2023-10-19,28719.806640625,9977.606115947423,0.9989158050372265,9988.435527432253,10895.002453465731,12842.50368019861,14251.224373074194
2023-10-20,29682.94921875,10500.855747366157,1.0171890687262306,10323.406011938172,11558.749378870405,13838.12406830562,14973.584780293377
2023-10-21,29918.412109375,10577.530095866778,1.0165524012742313,10405.297437306746,11716.28905114517,14074.433576717769,15145.036304152703
2023-10-22,29993.896484375,10618.954775332179,1.017965181992305,10431.550079688728,11762.535405861323,14143.803108791995,15195.366534465706
2023-10-23,33086.234375,11823.614605103103,1.0275121462275763,11507.031472584049,13906.593972768414,17359.89095915263,17528.760423331583
2023-10-24,33901.52734375,12645.915087861307,1.072543802375397,11790.581475417599,14466.619629550263,18199.929444325408,18138.24025066108
2023-10-25,34502.8203125,12869.393171620814,1.0724758306612372,11999.7046121647,14877.666080277166,18816.49912041576,18585.584969210333
2023-10-26,34156.6484375,12731.136863466203,1.0717067799133806,11879.309809437971,14629.748888938046,18444.62333340708,18315.77496115165
2023-10-27,33909.80078125,12629.327885766963,1.070875644460617,11793.458886748847,14450.97096822775,18176.456452341634,18121.20970342581
2023-10-28,34089.57421875,12695.070333938062,1.0707734034367193,11855.982127677413,14568.903860808274,18353.355791212423,18249.556892766188
2023-10-29,34538.48046875,12857.218375795246,1.0703549812261686,12012.10682559386,14873.945992545814,18810.918988818732,18581.536371792165
2023-10-30,34502.36328125,12849.537815268968,1.0708353614006367,11999.545661680395,14841.623937321874,18762.435905982824,18546.360053710552
2023-10-31,34667.78125,12917.8929137679,1.0713951434336768,12057.076227140436,14949.450822505672,18924.176233758517,18663.70880473197
2023-11-01,35437.25390625,13203.28233754283,1.0712871384380462,12324.690425009141,15477.284403988077,19715.926605982124,19238.153772038037
2023-11-02,34938.2421875,13134.157879593027,1.0808992671568487,12151.139591518604,15122.892053252092,19184.338079878147,18852.46610555742
2023-11-03,34732.32421875,13051.959374937578,1.0805028279241131,12079.523567757156,14972.412291588542,18958.618437382822,18688.69793164497
2023-11-04,35082.1953125,13172.36505607137,1.0795954288239356,12201.204918420945,15208.454269965066,19312.68140494761,18945.58406263071
2023-11-05,35049.35546875,13158.479723030025,1.07946787060146,12189.783578920566,15178.297720816954,19267.446581225442,18912.76447991148
2023-11-06,35037.37109375,13146.674488420123,1.0788683132953931,12185.615543998814,15162.650281647051,19243.97542247059,18895.735262753424
2023-11-07,35443.5625,13297.811870197052,1.0787650266583282,12326.884485112996,15437.792033184349,19656.688049776534,19195.1739495124
2023-11-08,35655.27734375,13381.099511846709,1.0790759727837,12400.516598777926,15577.61595055494,19866.42392583242,19347.345293777715
2023-11-09,36693.125,13900.623629302174,1.0892651905389545,12761.46869471182,16291.863261205903,20937.794891808866,20121.19352355765
2023-11-10,37313.96875,14229.996711204003,1.0965221202455773,12977.391379954151,16715.922196862593,21573.8832952939,20467.323246033357
2023-11-11,37138.05078125,14166.206217635805,1.096777404718356,12916.20902900856,16585.807769554005,21378.71165433102,20361.119917138363
2023-11-12,37054.51953125,14137.978160777633,1.0970594456680764,12887.157771261907,16519.972959397943,21279.95943909693,20307.38355491958
2023-11-13,36502.35546875,13924.428294709307,1.096833039212166,12695.121132301922,16128.28260879859,20692.423913197897,19987.674050061683
2023-11-14,35537.640625,13548.240692634661,1.0961711134056198,12359.603830958975,15449.832243814119,19674.74836572119,19433.902352781064
2023-11-15,37880.58203125,14423.856122139932,1.0948352689949332,13174.453299610212,17071.62650913683,22107.439763705253,20757.659858561598
2023-11-16,36154.76953125,13800.499161189646,1.0975220100920202,12574.234534059653,15863.644437315277,20295.466655972927,19771.668374553043
2023-11-17,36596.68359375,13914.308204444616,1.0932108378190235,12727.927425421365,16163.393463583445,20745.090195375178,20016.332591129205
2023-11-18,36585.703125,13910.817742011424,1.093264624418226,12724.108538144623,16148.121223907076,20722.181835860625,20003.86692742947
2023-11-19,37386.546875,14212.077308630378,1.0930153165238192,13002.633260282097,16697.369088225856,21546.053632338793,20452.17963790834
2023-11-20,37476.95703125,14249.058247135516,1.0932157549305053,13034.076926600199,16752.4359747061,21628.653962059157,20497.126895311347
2023-11-21,35813.8125,13618.842412109276,1.0933864308767047,12455.65339711537,15588.115523698169,19882.173285547266,19546.773346090464
2023-11-22,37432.33984375,14274.840721760052,1.0964992448685402,13018.559555388907,16706.11670451201,21559.17505676803,20459.31970675929
2023-11-23,37289.62109375,14210.733104319936,1.0957527099867526,12968.923530649303,16599.06330091441,21398.59495137163,20371.939482546037
2023-11-24,37720.28125,14379.374236300451,1.0960972936372304,13118.702436153919,16890.74989046195,21836.12483569294,20610.02289454543
2023-11-25,37796.79296875,14402.469041486816,1.0956353586661038,13145.312377487799,16936.08258570322,21904.123878554838,20647.024810797084
2023-11-26,37479.12109375,14278.221795685398,1.09538998769799,13034.829563936135,16707.29606086153,21560.94409129231,20460.28233306341
2023-11-27,37254.16796875,14192.318358662475,1.095374224355943,12956.593320430979,16543.04961785896,21314.57442678845,20326.21942115692
2023-11-28,37831.0859375,14412.829373636396,1.0954296160666877,13157.239098015196,16936.446829568587,21904.670244352892,20647.32211765099
2023-11-29,37858.4921875,14423.727088985832,1.095464288506046,13166.77069286885,16947.60995686017,21921.414935290268,20656.433799604856
2023-11-30,37712.74609375,14372.236072121948,1.0957720683013175,13116.081790989623,16838.362504027125,21757.5437560407,20567.26272608008
2023-12-01,38688.75,14718.733439851532,1.0938802541003771,13455.525305149995,17509.17621716478,22763.76432574718,21114.801157269307
2023-12-02,39476.33203125,15007.763570762505,1.0931083885777855,13729.437746140356,18048.76343649782,23573.145154746737,21555.228557271992
2023-12-03,39978.390625,15198.608826023052,1.093106737927273,13904.048249526253,18389.642014319896,24084.463021479856,21833.46395716224
2023-12-04,41980.09765625,15966.07953837696,1.0935506042145575,14600.220124101706,19773.22563139634,26159.83844709452,22962.786730797445
2023-12-05,44080.6484375,16735.892174125856,1.0916538118634551,15330.768776923573,21225.12447577392,28337.686713660893,24147.87045810761
2023-12-06,43746.4453125,16577.256332633864,1.0895669579556395,15214.536574914004,20983.531349809833,27975.29702471476,23950.67484539757
2023-12-07,43292.6640625,16390.284114570204,1.088569623915329,15056.716405164978,20658.856980468685,27488.28547070304,23685.665810318525
2023-12-08,44166.6015625,16706.25591136077,1.0875999709850919,15360.662336381922,21257.53244550074,28386.298668251122,24174.322822683243
2023-12-09,43725.984375,16535.717268488104,1.0873453052662156,15207.420484001314,20941.92428844912,27912.8864326737,23916.713904144184
2023-12-10,43779.69921875,16556.115582883333,1.0873508970951538,15226.10192083606,20970.151500966113,27955.227251449185,23939.75380830193
2023-12-11,41243.83203125,15629.868574871582,1.0896332762759753,14344.154969541283,19197.651105394834,25296.476658092266,22492.98540320491
2023-12-12,41450.22265625,15719.320676055617,1.0904128149779189,14415.935377991627,19332.562361068725,25498.843541603106,22603.104048418558
2023-12-13,42890.7421875,16267.058362626478,1.090509628222904,14916.932360455448,20325.606166580095,26988.409249870158,23413.656421936143
2023-12-14,43023.97265625,16322.741045415005,1.0908539858245168,14963.268464456809,20409.30041350414,27113.950620256226,23481.970196331135
2023-12-15,41929.7578125,15914.432687483835,1.0913218452510975,14582.712475458744,19639.438808022736,25959.158212034123,22853.5858812186
2023-12-16,42240.1171875,16047.294837695283,1.0923473477507637,14690.652081261544,19846.503628379578,26269.75544256938,23022.59844711019
2023-12-17,41364.6640625,15723.52812683723,1.0929606875908295,14386.179032199216,19228.925822835605,25343.38873425342,22518.512773006747
2023-12-18,42623.5390625,16243.608625384344,1.0957640585176485,14824.002027734628,20095.677412689787,26643.516119034695,23225.98162232369
2023-12-19,42270.52734375,16090.633344073676,1.0945094453427884,14701.22840194793,19841.30942407522,26261.96413611285,23018.358780537517
2023-12-20,43652.25,16616.93713444144,1.094531800313639,15181.77647253359,20793.296499363023,27689.94474904455,23795.39940971221
2023-12-21,43869.15234375,16649.59461228353,1.0912605659824384,15257.212742122927,20935.014710896423,27902.52206634465,23911.07409807092
2023-12-22,43997.90234375,16650.30950134467,1.088113955216266,15301.990587957647,21015.38920821309,28023.083812319648,23976.678192481188
2023-12-23,43739.54296875,16522.822222697596,1.0861605632743783,15212.136015035669,20826.55278076011,27739.82917114018,23822.54419191736
2023-12-24,43016.1171875,16240.373097571428,1.0855475127165073,14960.536418098385,20314.377265034687,26971.565897552045,23404.49105304797
2023-12-25,43613.140625,16512.365680658953,1.0886191682576718,15168.174658440834,20720.552840924516,27580.829261386792,23736.02383667259
2023-12-26,42520.40234375,16128.754744451797,1.0906552987478741,14788.132201776674,19951.595048275132,26427.392572412715,23108.37724091557
2023-12-27,43442.85546875,16513.64676145976,1.0929710733565643,15108.951338250512,20584.16795041986,27376.251925629804,23624.702366162477
2023-12-28,42627.85546875,16200.15406182626,1.0927220354040066,14825.503226753055,20008.376425488892,26512.56463823335,23154.723917483894
2023-12-29,42099.40234375,16000.665592860945,1.0928137711909547,14641.71299326081,19632.010930708446,25948.01639606268,22847.52302321185
2023-12-30,42156.90234375,16046.853967551464,1.0944734972635957,14661.71086615787,19663.20964998287,25994.81447497432,22872.988361012904
2023-12-31,42265.1875,16085.876236778782,1.094324100635819,14699.371262528754,19729.71081996712,26094.56622995069,22927.268626267334
2024-01-01,44167.33203125,16811.29766212328,1.094420231207745,15360.916385446579,21043.584515971503,28065.37677395727,23999.69205501052
2024-01-02,44957.96875,17114.615717231474,1.0945724476853829,15635.891213434596,21584.15263721948,28876.228955829232,24440.92009680859
2024-01-03,42848.17578125,16315.65685070708,1.0948541443495134,14902.128228596803,20107.685390606734,26661.528085910115,23235.78289689759
2024-01-04,44179.921875,16923.40055931444,1.1014042075953936,15365.294995796254,21024.799748008158,28037.199622012253,23984.359359540125
2024-01-05,44162.69140625,16917.51592841814,1.1014507989001028,15359.302426682876,21003.599028325392,28005.398542488103,23967.054691242734
2024-01-06,43989.1953125,16851.47994681972,1.1014786186845706,15298.962377448983,20873.739552431136,27810.60932864672,23861.05946139924
2024-01-07,43943.09765625,16833.104060067384,1.1014317236952818,15282.930115352638,20832.505270169233,27748.757905253864,23827.402793715315
2024-01-08,46970.50390625,17986.32350247235,1.1010352466048479,16335.828991792023,22928.50152565293,30892.75228847941,25538.21829886961
2024-01-09,46139.73046875,17607.955553488246,1.09728115612341,16046.895050759353,22341.005506557132,30011.508259835715,25058.68628822985
2024-01-10,46627.77734375,17736.543351827208,1.0937254344944838,16216.632431177739,22670.750287935196,30506.125431902816,25327.833946890685
2024-01-11,46368.5859375,17506.317028272537,1.0855628640131711,16126.488486861257,22480.78650621012,30221.179759315193,25172.77976569034
2024-01-12,42853.16796875,16148.838935673897,1.0835336688887,14903.864456963816,20026.596127741057,26539.894191611605,23169.59538923904
2024-01-13,42842.3828125,16370.935684120972,1.0987121465315353,14900.11349724447,20010.154140204017,26515.231210306043,23156.17494197424
2024-01-14,41796.26953125,15961.211508605982,1.0980253644027385,14536.286707081623,19273.778787854077,25410.66818178113,22555.12311894843
2024-01-15,42511.96875,16246.004586156852,1.0988018820329237,14785.199089848362,19762.73243393365,26144.098650900483,22954.221865821724
2024-01-16,43154.9453125,16480.374639058857,1.0980460408784656,15008.819325894683,20200.967614430752,26801.45142164614,23311.922667880423
2024-01-17,42742.65234375,16324.067564328308,1.0981229201249738,14865.428327887485,19905.26636141962,26357.899542129442,23070.5623661998
2024-01-18,41262.05859375,15758.84749257589,1.0981397244165585,14350.493969197376,18866.787347657886,24800.181021486842,22222.924402213583
2024-01-19,41618.40625,16010.124749432964,1.106097247727913,14474.427797664379,19105.97034791329,25158.955521869953,22418.15279746272
2024-01-20,41665.5859375,16049.201648944521,1.1075414303094084,14490.836378428692,19130.09300761486,25195.139511422305,22437.84244153295
2024-01-21,41545.78515625,16004.148611440189,1.1076170834328545,14449.170973273805,19038.092694721123,25057.1390420817,22362.74900500325
2024-01-22,39507.3671875,15215.104142598586,1.1073397281962931,13740.231435010406,17611.96947933332,22917.954218999996,21198.704125265183
2024-01-23,39845.55078125,15419.395473011025,1.1126832587786546,13857.848000639684,17838.887901791488,23258.33185268725,21383.92180136117
2024-01-24,40077.07421875,15514.613021234185,1.1130866643765411,13938.369327175604,17991.56753326702,23487.35129990055,21508.54353203755
2024-01-25,39933.80859375,15460.571077777171,1.1131888320168568,13888.543105275294,17883.58196360324,23325.372945404873,21420.402445701933
2024-01-26,41816.87109375,16191.601274939643,1.113325887309316,14543.451705835638,19184.673093700425,25277.009640550652,22482.392357737976
2024-01-27,42120.0546875,16311.062874205827,1.1134670667590758,14648.895653179747,19386.771650996736,25580.157476495122,22647.351309590707
2024-01-28,42035.59375,16278.3018674798,1.1134634165088317,14619.521060259895,19319.25075252088,25478.876128781332,22592.23871111529
2024-01-29,43288.24609375,16764.146002930604,1.1135134971685672,15055.179883816705,20181.53529170421,26772.30293755633,23296.06141863689
2024-01-30,42952.609375,16635.727161947707,1.1136180909935482,14938.449093535859,19939.11064168639,26408.665962529605,23098.18709085744
2024-01-31,42582.60546875,16502.432938202324,1.1142939864279355,14809.765770255803,19672.85813566413,26009.28720349621,22880.863746697192
2024-02-01,43075.7734375,16701.06790198255,1.114795478578827,14981.284211229085,20006.906247083956,26510.35937062595,23153.523913426678
2024-02-02,43185.859375,16744.033511125843,1.114814372725091,15019.570899679149,20074.467881444274,26611.70182216643,23208.66976176242
2024-02-03,42992.25,16670.50703070507,1.1149173540315893,14952.235670584729,19930.826081853083,26396.23912277964,23091.424982681376
2024-02-04,42583.58203125,16512.733507843343,1.1149639420443245,14810.105408042778,19637.67949352436,25956.51924028655,22852.149875541392
2024-02-05,42658.66796875,16541.640821137247,1.1149498593920506,14836.219478207675,19681.005902167228,26021.508853250856,22887.514200021906
2024-02-06,43084.671875,16708.288526639793,1.1150471125270305,14984.378990743997,19968.334299845425,26452.50144976815,23122.04032407052
2024-02-07,44318.22265625,17188.98461308911,1.1151978633905149,15413.394499187587,20817.11728003309,27725.675920049653,23814.8426509912
2024-02-08,45301.56640625,17446.587970560235,1.107340863104249,15755.39073095486,21491.656509129065,28737.48476369361,24365.421960927
2024-02-09,47147.19921875,18159.960732467767,1.1074982470205406,16397.281694416044,22765.600067034782,30648.400100552193,25405.253203876226
2024-02-10,47771.27734375,18374.01068546938,1.105913479739212,16614.329260008835,23189.726600664362,31284.589900996554,25751.43810186088
2024-02-11,48293.91796875,18577.24951125906,1.106045555647019,16796.097969393006,23543.18636065107,31814.779540976615,26039.942642959795
2024-02-12,49958.22265625,19220.021556086358,1.1061930666596556,17374.924988568764,24690.415444009435,33535.62316601417,26976.345701237457
2024-02-13,49742.44140625,18615.81909807505,1.0760664570880034,17299.87862315887,24529.942786015763,33294.91417902366,26845.363066735776
2024-02-14,51826.6953125,19401.259705591852,1.0763671943912305,18024.75940059171,25968.889485241078,35453.33422786163,28019.87486163265
2024-02-15,51938.5546875,19448.171411676893,1.0766460573517767,18063.662871262917,26035.85822886074,35553.78734329112,28074.53677462293
2024-02-16,52160.203125,19538.092251557497,1.077027823434444,18140.74978049695,26179.147597460505,35768.72139619078,28191.49388887488
2024-02-17,51662.99609375,19358.922761243277,1.0774215042674946,17967.826597636744,25822.520535781507,35233.78080367228,27900.404100388
2024-02-18,52122.546875,19535.220214653313,1.0776474947002206,18127.653347431213,26131.29744336199,35696.946165043,28152.4371466018
2024-02-19,51779.14453125,18983.768687608437,1.054172307698039,18008.221757468345,25881.629330381773,35322.44399557268,27948.65048538441
2024-02-20,52284.875,19178.426539578424,1.054680557859575,18184.109298933265,26222.493947732255,35833.7409215984,28226.87449031572
2024-02-21,51839.1796875,18902.61140834914,1.0484500065919717,18029.101330060388,25901.66054918847,35352.49082378272,27965.000571713037
2024-02-22,51304.97265625,18692.691744185475,1.0476022551759556,17843.30995072729,25519.371804551833,34779.05770682776,27652.96494185005
2024-02-23,50731.94921875,18422.904215695406,1.0441444538553593,17644.018648637528,25110.202789183124,34165.30418377471,27318.988822431857
2024-02-24,51571.1015625,18752.032801700218,1.0455046937119696,17935.86668188244,25683.137335663818,35024.70600349575,27786.635318933597
2024-02-25,51733.23828125,18722.00907330744,1.040559283189282,17992.256064378245,25785.120747016805,35177.68112052522,27869.877262212234
2024-02-26,54522.40234375,19734.690637149455,1.0407331313637016,18962.296906307325,27713.82505273118,38070.73757909679,29438.72686078604
2024-02-27,57085.37109375,20316.18715324663,1.0232963315984984,19853.66948546622,29484.65800935769,40726.987014036546,30378.24166495167
2024-02-28,62504.7890625,22236.449000399738,1.0229070735322021,21738.483950076738,33241.24384820868,46361.86577231304,32371.29696444363
2024-02-29,61198.3828125,21874.99229972056,1.027760692715884,21284.130104173702,32319.765678340103,44979.64851751017,31882.40704455178
2024-03-01,62440.6328125,22329.985504734883,1.0282653141621712,21716.17110602366,33170.81797937641,46256.22696906462,32333.93254443069
2024-03-02,62029.84765625,22160.763278711835,1.0272308199104943,21573.30450875955,32872.14080214293,45808.21120321441,32175.46947278568
2024-03-03,63167.37109375,22538.772355055964,1.025938895916468,21968.92275433436,33650.19593963995,46975.29390945994,32588.266353146515
2024-03-04,68330.4140625,24359.368511081517,1.0250286729886269,23764.572790006034,37227.23726730928,52340.85590096395,34486.064375191374
2024-03-05,63801.19921875,22695.12979208755,1.0227932892022944,22189.361263592305,34063.50059772368,47595.25089658554,32807.54499456056
2024-03-06,66106.8046875,23547.24662176987,1.0241840486733573,22991.22570037193,35653.434735862706,49980.152103794084,33651.08399401289
2024-03-07,66925.484375,23812.87830628829,1.0230677870056268,23275.95356705071,36208.92489708003,50813.38734562007,33945.799104254715
2024-03-08,68300.09375,24282.83757803593,1.0222619030491313,23754.027715996046,37150.82077834111,52226.23116751169,34445.52163376604
2024-03-09,68498.8828125,24443.988455658306,1.026059681314417,23823.16438391258,37274.80021554383,52412.20032331576,34511.29888069846
2024-03-10,69019.7890625,24639.964930322403,1.026480015750229,24004.329896587085,37622.72864295489,52934.092964432355,34695.8921858544
2024-03-11,72123.90625,25774.053880896667,1.0275134911360253,25083.908000468895,39766.834505918225,56150.251758877355,35833.44679958257
2024-03-12,71481.2890625,25560.61589344399,1.0281653868471687,24860.41275112818,39304.92775958612,55457.3916393792,35588.38233729149
2024-03-13,73083.5,26166.79528093141,1.0294736613890625,25417.64424125695,40404.140153298904,57106.21022994837,36171.56908731837
2024-03-14,71396.59375,25565.27748152801,1.0295727968472088,24830.956645139453,39215.86638707683,55323.79958061526,35541.130857337565
2024-03-15,69403.7734375,25183.686341673652,1.0433265499424853,24137.87547442547,37815.2213203642,53222.831980546325,34798.019108353095
2024-03-16,65315.1171875,23700.831148096913,1.0433593367667038,22715.88542212513,34957.61168451025,48936.4175267654,33281.91531811999
2024-03-17,68390.625,24944.12194326954,1.0487106761851692,23785.513497399734,37082.59652696102,52123.89479044155,34409.32528112033
2024-03-18,67548.59375,24637.37249028893,1.0487262009962839,23492.66421195882,36482.80235755202,51224.203536328045,34091.10469486836
2024-03-19,61912.7734375,22899.419881659123,1.063477392926369,21532.587372305898,32549.729125822785,45324.593688734196,32004.414070973144
2024-03-20,67913.671875,25125.002636744593,1.0637337652593117,23619.634402241376,36709.6514050524,51564.47710757862,34211.45937747123
2024-03-21,65491.390625,24299.757943322486,1.0668461056184215,22777.19140122518,35011.099088179275,49016.64863226892,33310.293041380326
2024-03-22,63778.76171875,23689.00835537526,1.0679596368682445,22181.55774579878,33806.52284267899,47209.7842640185,32671.205536735204
2024-03-23,64062.203125,23857.43609745749,1.0707940271037006,22280.135575641412,33990.31042101887,47485.46563152833,32768.7139719752
2024-03-24,67234.171875,25077.675774005627,1.0724603974767257,23383.311712962208,36182.632708632686,50773.94906294905,33931.84979289378
2024-03-25,69958.8125,26145.791991856364,1.0745915313121701,24330.912007030307,38063.23474956467,53594.85212434702,34929.60254624529
2024-03-26,69987.8359375,26195.42436456384,1.07618494976339,24341.00604205919,38068.8182159972,53603.227323995816,34932.564852403135
2024-03-27,69455.34375,26003.859479715014,1.0765053348005422,24155.81106668002,37683.93477859885,53025.90216789829,34728.365079657335
2024-03-28,70744.953125,26570.725173783256,1.0799209967994512,24604.323142647096,38566.196336647416,54349.294504971134,35196.448639900045
2024-03-29,69892.828125,26232.805479168972,1.0791856598407594,24307.963361040012,37958.89199541662,53438.33799312496,34874.2435346216
2024-03-30,69645.3046875,26100.295760474983,1.0775504854456306,24221.877409002303,37772.1869648958,53158.28044734372,34775.18724615006
2024-03-31,71333.6484375,26729.49333217161,1.077408333766285,24809.064951942222,38931.676611804476,54897.514917706736,35390.35407172278
2024-04-01,69702.1484375,26116.093886272243,1.077323411130542,24241.647045306516,37782.29581030588,53173.44371545884,34780.55049053754
2024-04-02,65446.97265625,24721.57370012605,1.0861019455665089,22761.743316122433,34808.831305948035,48713.24695892207,33202.97994044616
2024-04-03,65980.8125,24918.809731408364,1.085909608021433,22947.40699164763,35166.39021280344,49249.58531920518,33392.68269309421
2024-04-04,68508.84375,25873.10380001728,1.085890250667027,23826.62868933972,36910.53763097402,51865.80644646105,34318.03949418978
2024-04-05,67837.640625,25592.438232831762,1.0847382883667984,23593.19156269869,36429.507462754336,51144.261194131526,34062.829107122205
2024-04-06,68896.109375,25990.019919196464,1.0846658220111234,23961.315450142338,37151.37844837155,52227.06767255734,34445.81750540514
2024-04-07,69362.5546875,26156.658674415536,1.084279447713846,24123.540042712848,37461.353509486944,52692.03026423043,34610.274665381905
2024-04-08,71631.359375,27017.07044747335,1.084473897060093,24912.60556912813,39024.53699897603,55036.80549846406,35439.62111757358
2024-04-09,69139.015625,26086.913483972552,1.0848846061761102,24045.795594723233,37276.489572809405,52414.73435921412,34512.1951686033
2024-04-10,70587.8828125,26596.594231297902,1.08337775127239,24549.695800990114,38269.56016786257,53904.340251793874,35039.06842457174
2024-04-11,70060.609375,26363.610427481115,1.0819694938634365,24366.31584994453,37888.18047626144,53332.27071439218,34836.72756293001
2024-04-12,67195.8671875,25293.980264896752,1.0823274004060761,23369.98976040592,35881.50630332797,50322.259454991974,33772.08728415443
2024-04-13,63821.47265625,24236.43977154937,1.091907990095883,22196.412144049897,33521.03322332949,46781.54983499426,32519.7391193011
2024-04-14,65738.7265625,24963.46633329515,1.0918617286743781,22863.21214280779,34840.9152935596,48761.372940339425,33220.002088822686
2024-04-15,63426.2109375,24088.244500898596,1.0919944323890154,22058.944429047533,33219.144499381655,46328.7167490725,32359.572162672965
2024-04-16,63811.86328125,24236.059881149667,1.0920553020812722,22193.070108226068,33474.08001567378,46711.120023510695,32494.828111444294
2024-04-17,61276.69140625,23272.865043896494,1.0920400953571225,21311.364979035614,31697.882938305465,44046.82440745821,31552.46737490012
2024-04-18,63512.75390625,24119.6534174323,1.0919283952581056,22089.043129729213,33239.98581381483,46359.97872072225,32370.62951473712
2024-04-19,63843.5703125,24245.17424591065,1.0919234290413484,22204.097467893556,33456.77203166277,46685.15804749417,32485.64536659659
2024-04-20,64994.44140625,24683.44335426328,1.0919771967117016,22604.357882740733,34243.73024662748,47865.59536994124,32903.1657715859
2024-04-21,64926.64453125,24655.051005641195,1.091860079258356,22580.778869017813,34183.02375186023,47774.53562779037,32870.95796207489
2024-04-22,66837.6796875,25381.435260071783,1.0918899107131261,23245.416054348258,35498.350872888506,49747.52630933278,33568.804304894715
2024-04-23,66407.2734375,25218.039600956883,1.0918920754602084,23095.725454668252,35185.1122382557,49277.66835738357,33402.61565713272
2024-04-24,64276.8984375,24416.04281835042,1.0922056185413849,22354.804263832186,33689.856974025264,47034.785461037915,32609.308501031832
2024-04-25,64481.70703125,24518.75935189288,1.0933167607784127,22426.03445906763,33818.861743820715,47228.29261573109,32677.7519364091
2024-04-26,63755.3203125,24243.892575547943,1.0933770653485064,22173.40508036024,33300.29894335772,46450.4484150366,32402.628624466284
2024-04-27,63419.140625,24125.63936041167,1.0938115872310905,22056.485451469835,33053.22579430603,46079.83869145906,32271.544051877296
2024-04-28,63113.23046875,24010.86800857745,1.0938845567100894,21950.093235424494,32827.27130627409,45740.90695941115,32151.663977486714
2024-04-29,63841.12109375,24301.31382061271,1.0944937599107871,22203.245656323823,33320.25420067895,46480.381301018446,32413.21587924041
2024-04-30,60636.85546875,23208.228605451128,1.1004982676625876,21088.837018112205,31078.78362204485,43118.175433067285,31224.004449755703
2024-05-01,58254.01171875,22659.926612448333,1.118450327710296,20260.109949485188,29409.173418821123,40613.760128231705,30338.193341912447
2024-05-02,59123.43359375,22999.784056169818,1.1185313260389786,20562.48539557516,30001.586819763725,41502.380229645605,30652.498064042757
2024-05-03,62889.8359375,24461.83258605906,1.1183881807322182,21872.39905382735,32608.290696835804,45412.43604525373,32035.483891938493
2024-05-04,63891.47265625,24861.371731610645,1.118835479176485,22220.75738062023,33291.674895993194,46437.51234398981,32398.0531391612
2024-05-05,64031.1328125,24916.874547940955,1.1188874981229406,22269.32965981103,33375.45785657891,46563.186784868376,32442.50415952004
2024-05-06,63161.94921875,24588.01064315375,1.1193139314888163,21967.03708534108,32757.692485387797,45636.538728081716,32114.748958464486
2024-05-07,62334.81640625,24265.206448295907,1.119276400381739,21679.369313978248,32169.349321073758,44754.023981610655,31802.603698950163
2024-05-08,61187.94140625,23824.510621411817,1.1195466309640774,21280.498696955372,31358.839787809826,43538.25968171476,31372.58815029588
2024-05-09,63049.9609375,24559.386917628028,1.1199966928831548,21928.088782481987,32640.86310559357,45461.29465839037,32052.765171982857
2024-05-10,60792.77734375,23692.170680393858,1.1205646268033984,21143.064945731705,31058.129593125563,43087.19438968836,31213.046461955262
2024-05-11,60793.7109375,23701.268180260922,1.12097769489295,21143.38963945605,31046.092946790584,43069.1394201859,31206.66042346309
2024-05-12,61448.39453125,23963.87317985395,1.121322439027149,21371.081453292623,31488.653925591752,43732.98088838765,31441.460995574555
2024-05-13,62901.44921875,24532.30688852811,1.1214031671396516,21876.43802639005,32486.241208970772,45229.36181345618,31970.730578950417
2024-05-14,61552.7890625,24010.8803056498,1.1216164944466247,21407.3887327202,31535.29818839144,43802.94728258718,31466.20809284633
2024-05-15,66267.4921875,25776.65463200545,1.1184332198712967,23047.111060391868,34800.91457709854,48701.37186564783,33198.7797227312
2024-05-16,65231.58203125,25374.455384988458,1.1184661870682446,22686.83280582733,34066.74596828597,47600.11895242897,32809.266824774335
2024-05-17,67051.875,25890.214050552437,1.1102192550955505,23319.9108479921,35318.91010610671,49478.36515916009,33473.602069002576
2024-05-18,66940.8046875,25813.621005261815,1.1087714680771126,23281.281804652765,35227.68325034525,49341.5248755179,33425.201692668576
2024-05-19,66278.3671875,25509.214681708578,1.106647555323289,23050.893266787618,34753.07563865488,48629.61345798234,33173.398790715444
2024-05-20,71448.1953125,27165.167216744725,1.093213937898152,24848.903105803187,38334.18597482254,54001.27896223383,35073.35562379222
2024-05-21,70136.53125,26667.34261594195,1.0932500313728528,24392.72065005508,37407.18543093629,52610.77814640445,34581.53581030181
2024-05-22,69122.3359375,26282.667010080255,1.0932892235550264,24039.994581321705,36687.309296720756,51530.96394508115,34199.60577973051
2024-05-23,67929.5625,25679.93351982601,1.0869739060204338,23625.160988311025,35843.467014106405,50265.200521159626,33751.90555259705
2024-05-24,68526.1015625,25837.24613888407,1.0841122153093714,23832.630768311134,36244.106995645634,50866.16049346847,33964.464954311494
2024-05-25,69265.9453125,26116.461982389465,1.084123148365745,24089.940355723033,36744.272206256,51616.408309384016,34229.82743140942
2024-05-26,68518.09375,25834.752754404246,1.0841342842900015,23829.845738457945,36209.785064282754,50814.67759642414,33946.25546566248
2024-05-27,69394.5546875,26153.7669217177,1.0836596351675285,24134.66929371643,36804.95137322349,51707.42705983525,34262.02074216584
2024-05-28,68296.21875,25754.46583630146,1.0842762080001636,23752.680033257333,36026.72124428534,50540.08186642803,33849.13102015728
2024-05-29,67578.09375,25484.107925190816,1.0842952109187276,23502.923990227748,35513.10740383204,49769.66110574807,33576.63337721217
2024-05-30,68364.9921875,25769.938971798794,1.0838362254189295,23776.598684767225,36046.19083370013,50569.28625055021,33859.46060399396
2024-05-31,67491.4140625,25451.48974554172,1.0842981613502154,23472.77774025589,35424.465278033305,49636.697917049976,33529.60432845352
2024-06-01,67706.9375,25533.751323477078,1.0843400407431407,23547.734441290017,35560.25003943678,49840.375059155194,33601.64488600091
2024-06-02,67751.6015625,25551.52314817128,1.0843794257801107,23563.268115115086,35577.17942621785,49865.769139326796,33610.62676622103
2024-06-03,68804.78125,25949.869106313432,1.0844276791200749,23929.55252430448,36295.39051308206,50943.0857696231,33991.67340650396
2024-06-04,70567.765625,26616.016480690465,1.0844779620990315,24542.699262578437,37506.958370072425,52760.437555108656,34634.47030817341
2024-06-05,71082.8203125,26792.4305872725,1.083755973956795,24721.82966563339,37850.38607838296,53275.579117574445,34816.67575838882
2024-06-06,70757.1640625,26670.968567858246,1.0838081447455405,24608.569973535425,37609.1015522029,52913.652328304364,34688.662337634494
2024-06-07,69342.5859375,26139.045510554446,1.0838613564838242,24116.595129244793,36610.681906544094,51416.02285981615,34158.95114474297
2024-06-08,69305.7734375,26126.51038664304,1.083917013198457,24103.792143227,36570.613659222574,51355.92048883387,34137.69295017715
2024-06-09,69647.9921875,26256.88886636296,1.0839736016788308,24222.812092192056,36794.11986989737,51691.17980484607,34256.274091874424
2024-06-10,69512.28125,26209.357678447614,1.0841237963359145,24175.61330821178,36685.21693395189,51527.82540092785,34198.49567739721
2024-06-11,67332.03125,25386.19364944074,1.0840764577531605,23417.346136319353,35154.632182485235,49231.948273727874,33386.444474232034
2024-06-12,68241.1875,25730.734289655305,1.0841506770848657,23733.540764685742,35772.78131475921,50159.17197213883,33714.40327959553
2024-06-13,66756.3984375,25170.09323245301,1.0841165317728063,23217.147322062792,34726.06414112007,48589.096211680124,33159.06785017039
2024-06-14,66011.09375,24889.83610245564,1.0841494380682395,22957.938480146135,34193.871694198664,47790.80754129802,32876.71333407853
2024-06-15,66191.0,24965.997771001563,1.0845111613801297,23020.50791181373,34305.198252786766,47957.79737918016,32935.7776006989
2024-06-16,66639.046875,25138.13041645347,1.0846465498365385,23176.33372847764,34602.9440858775,48404.41612881627,33093.746548035575
2024-06-17,66490.296875,25089.16979606235,1.0849558343381525,23124.600100765678,34485.60207039312,48228.4031055897,33031.4907828683
2024-06-18,65140.74609375,24596.97013427161,1.0857077208719588,22655.24105743411,33533.29083909552,46799.9362586433,32526.242393047414
2024-06-19,64960.296875,24528.578417057066,1.0856964525829236,22592.482787156958,33394.21880886892,46591.3282133034,32452.457776178657
2024-06-20,64828.65625,24590.659780899394,1.090654517178436,22546.69961347279,33289.12444173251,46433.686662598775,32396.69999654755
2024-06-21,64096.19921875,24319.89177151531,1.0909714898104488,22291.95904628157,32766.268131922294,45649.40219788346,32119.29876472616
2024-06-22,64252.578125,24379.33246639431,1.0909762405400898,22346.345924385372,32861.63408057527,45792.45112086292,32169.89513534231
2024-06-23,63180.796875,23977.84152446329,1.0912117336665879,21973.592094629686,32102.94226580712,44654.4133987107,31767.3714590652
2024-06-24,60277.4140625,23081.96521409345,1.101037753031374,20963.827217136066,30070.834214489598,41606.25132173441,30689.237245031785
2024-06-25,61804.640625,23668.580701688512,1.101121319785422,21494.97995942978,31120.242711101368,43180.36406665207,31246.000554916303
2024-06-26,60811.27734375,23294.35398282964,1.1014139831114915,21149.49904396815,30416.591180751726,42124.8867711276,30872.678482236624
2024-06-27,61604.80078125,23601.08820482186,1.1015431431535352,21425.477841254462,30955.693488619596,42933.540232929416,31158.69902263057
2024-06-28,60320.13671875,23266.44858224595,1.1090517740194925,20978.685691040628,30049.5219767773,41574.28296516597,30677.930044787023
2024-06-29,60887.37890625,23494.033695031492,1.1094668984953233,21175.9663374315,30431.37768975659,42147.066534634905,30880.523459404016
2024-06-30,62678.29296875,24364.093411338756,1.1176791177019803,21798.82671641293,31664.0191516896,43996.028727534416,31534.500954785974
2024-07-01,62851.98046875,24433.327842008635,1.1177577670702157,21859.23333465307,31771.71684816909,44157.57527225365,31591.639929887147
2024-07-02,62029.015625,24115.475309007485,1.117853723990525,21573.015137365048,31186.336644510626,43279.50496676596,31281.066668109623
2024-07-03,60173.921875,23428.888870039144,1.1195085518805334,20927.833763023653,29883.417195570022,41325.12579335505,30589.80321136496
2024-07-04,56977.703125,22369.944773632815,1.1288702159876471,19816.223740176705,27648.30741563202,37972.46112344805,29403.96650139794
2024-07-05,56662.375,22491.46513548658,1.1413189128568826,19706.55605731378,27417.148116271783,37625.72217440769,29281.325016182287
2024-07-06,58303.5390625,23186.600690239953,1.1434737685181189,20277.335019489386,28546.539639611303,39319.80945941697,29880.523292849808
2024-07-07,55849.109375,22209.748715901227,1.1434348746710679,19423.71114252599,26827.63765899899,36741.4564884985,28968.560449798035
2024-07-08,56705.09765625,22667.068021709998,1.1493631953138446,19721.41453121834,27411.211587664966,37616.817381497465,29278.17539301169
2024-07-09,58009.2265625,23225.68149794263,1.1512123288005784,20174.976341802154,28306.230223027505,38959.34533454128,29753.027216149843
2024-07-10,57742.49609375,23118.824627250262,1.151209163430637,20082.210393770227,28108.649000727397,38662.97350109111,29648.20056794372
2024-07-11,57344.9140625,22961.649368672402,1.1513098374750221,19943.935699386013,27820.133250539333,38230.19987580901,29495.12863785438
2024-07-12,57899.46484375,23198.484802644976,1.1520441193561217,20136.802413097364,28193.78459651418,38790.676894771284,29693.36922843416
2024-07-13,59231.953125,23734.457296867302,1.1521454081766074,20600.227305014916,29108.274243966272,40162.41136594943,30178.551390208588
2024-07-14,60787.79296875,24366.4824179892,1.1525519333311338,21141.331434466985,30177.797704009732,41766.69655601462,30745.986686888136
2024-07-15,64870.15234375,26011.72048085119,1.1529439681773017,22561.13150231691,33003.86116080819,46005.791741212306,32245.353662885555
2024-07-16,65097.1484375,26104.574701060916,1.1530249318030943,22640.07826807242,33148.17064535836,46222.255968037556,32321.91700930908
2024-07-17,64118.79296875,25714.18937157738,1.153112130015703,22299.81690612101,32454.268031311876,45181.40204696783,31953.76722075542
2024-07-18,63974.06640625,25658.24503299357,1.1532063693487,22249.482586091388,32340.249701700974,45010.374552551475,31893.274835962813
2024-07-19,66710.15625,26757.260706654077,1.153277271742505,23201.064793573976,34229.493477790005,47844.24021668502,32895.61245887153
2024-07-20,67163.6484375,26941.922235944,1.1533957306751603,23358.784430538057,34530.91748105985,48296.37622158978,33055.53285810691
2024-07-21,68154.5234375,27358.881977420333,1.1542176243230728,23703.399948918475,35205.92647785133,49308.88971677702,33413.658644651296
2024-07-22,67585.25,27126.321562437377,1.1540457395366737,23505.412855930696,34795.84904416221,48693.77356624334,33196.092206008136
2024-07-23,65927.671875,26459.984407533197,1.1540002030352254,22928.92526183162,33629.116500806966,46943.67475121046,32577.08266426553
2024-07-24,65372.1328125,26240.8942368679,1.1541706265967693,22735.714834679853,33229.05421760262,46343.581326403946,32364.829760200075
2024-07-25,65777.2265625,26406.269957502613,1.1542916177430786,22876.602022921474,33497.10263287211,46745.65394930818,32507.04275292559
2024-07-26,67912.0625,27236.327878083906,1.1531496575564755,23619.074679168443,34967.876500558545,48951.81475083784,33287.36131267487
2024-07-27,67813.3359375,27162.155721196767,1.1516835575623086,23584.738657456466,34885.05361394012,48827.58042091019,33243.41965922271
2024-07-28,68255.8671875,27321.246183733536,1.150918462395263,23738.646199899544,35178.62551110634,49267.93826665953,33399.17412631829
2024-07-29,66819.9140625,26214.74690342203,1.1280381749677666,23239.237363727614,34165.86429634424,47748.79644451639,32861.85401896813
2024-07-30,66201.015625,25936.597014000214,1.126503078769771,23023.99123695694,33721.55764806071,47082.33647209109,32626.12728252495
2024-07-31,64619.25,25317.886701076284,1.1265476861116237,22473.87040353627,32607.831658977255,45411.7474884659,32035.240349563595
2024-08-01,65357.5,25625.3959760114,1.1273511038311061,22730.625702079826,33107.703880643116,46161.5558209647,32300.447381479764
2024-08-02,61415.06640625,24095.421399900028,1.1280897187726753,21359.49029489876,30352.61737210404,42028.92605815608,30838.73720049209
2024-08-03,60680.09375,23868.24920537486,1.1309889490950809,21103.874820768287,29828.724098950643,41243.08614842598,30560.785808132605
2024-08-04,58116.9765625,22958.691438447448,1.1358687708811182,20212.450616665774,28033.748220375615,38550.62233056344,29608.46198519331
2024-08-05,53991.45703125,21914.774910413053,1.1670675871444127,18777.63991718272,25152.8602374592,34229.290356188816,28080.00787608916
2024-08-06,56034.31640625,22743.46579026319,1.167042330024356,19488.12412810128,26562.13578481946,36343.203677229205,28827.69852355481
2024-08-07,55027.4609375,22334.076885831288,1.1670046153897413,19137.95077697481,25850.30631210033,35275.45946815051,28450.037646418736
2024-08-08,61710.13671875,25046.266902488725,1.1669991416603618,21462.112531508683,30485.752553649174,42228.628830473775,30909.37202437476
2024-08-09,60880.11328125,24710.91090641193,1.1670711782762946,21173.43943229641,29895.70229156525,41343.55343734789,30596.321064737247
2024-08-10,60945.8125,24739.915437194326,1.1671814603576123,21196.288904052908,29928.683461735814,41393.02519260374,30613.81921300583
2024-08-11,58719.484375,23836.649613319187,1.1672046800202391,20421.99626281987,28367.844981512048,39051.76747226809,29785.71690465756
2024-08-12,59354.515625,24076.56578387917,1.166339049346038,20642.85320583137,28797.17315561154,39695.759733417326,30013.49681687485
2024-08-13,60609.56640625,24574.529740508115,1.165810814571928,21079.34617979299,29657.511495826908,40986.267243740374,30469.949021583903
2024-08-14,58737.26953125,23817.820437452563,1.1659295346678353,20428.18174619625,28342.925719585717,39014.38857937859,29772.4959989809
2024-08-15,57560.09765625,23361.115460776942,1.1669603353249467,20018.774206470276,27512.09937560988,37768.14906341484,29331.70137352785
2024-08-16,58894.10546875,23902.58208706308,1.1669628471009301,20482.72757478436,28427.71647569318,39141.57471353978,29817.4817049004
2024-08-17,59478.97265625,24141.24363403993,1.1670251658103061,20686.138003954547,28822.125651231185,39733.18847684679,30026.73535467583
2024-08-18,58483.96484375,23665.047398768525,1.163468453434442,20340.08513845965,28117.815869158316,38676.723803737485,29653.064046775224
2024-08-19,59493.453125,24072.08991482287,1.1633989321607974,20691.17415305981,28807.57919386679,39711.3687908002,30019.01773682212
2024-08-20,59012.79296875,23878.786296112557,1.1634564196243407,20524.005792862095,28460.92806999565,39191.39210499349,29835.102104611367
2024-08-21,61175.19140625,24754.325792316755,1.1634823688818816,21276.06438600863,29952.279617657117,41428.41942648569,30626.33814525549
2024-08-22,60381.9140625,24434.616328004373,1.1635436740748344,21000.171177444634,29387.89309782266,40581.839646734,30326.903075069007
2024-08-23,64094.35546875,25244.957695396788,1.1325018067757975,22291.31781013976,31956.811572526825,44435.21735879025,31689.841870988537
2024-08-24,64178.9921875,25278.228837157192,1.1324989003744588,22320.753537861267,32002.290575847124,44503.435863770705,31713.970740252134
2024-08-25,64333.54296875,25339.03287735645,1.1324958167551993,22374.504614027857,32096.36802541188,44644.55203811784,31763.88349812887
2024-08-26,62880.66015625,24766.729857313356,1.1324932326929584,21869.207817180937,31072.652907027736,43108.97936054162,31220.751801053208
2024-08-27,59504.1328125,23435.87450376756,1.1324474920891368,20694.888431898158,28711.597203403042,39567.39580510458,29968.094525439286
2024-08-28,59027.625,23313.71241776885,1.1356386542336079,20529.164211570664,28367.831264221106,39051.74689633168,29785.70962695366
2024-08-29,59388.1796875,23456.092515846663,1.1356374163143064,20654.561199623953,28606.232503607913,39409.348755411884,29912.193320910897
2024-08-30,59119.4765625,23349.939388755844,1.1356361751030308,20561.10918326234,28406.991805374724,39110.48770806211,29806.486238330406
2024-08-31,58969.8984375,23290.46935779346,1.1356170433859933,20509.087542707024,28290.643071738476,38935.964607607726,29744.75745849935
2024-09-01,57325.48828125,22631.9550380111,1.1351633212035852,19937.179624527515,27134.864927604736,37202.297391407126,29131.55976942237
2024-09-02,59112.48046875,23330.557050095013,1.134827798710898,20558.676018156453,28365.52250925172,39048.2837638776,29784.48471781425
2024-09-03,57431.0234375,22661.602533170775,1.134561659914785,19973.883600890276,27183.953344558835,37275.93001683827,29157.60361182368
2024-09-04,57971.5390625,22873.04253334993,1.1344703453633134,20161.869040327234,27547.82710200855,37821.74065301284,29350.65670624013
2024-09-05,56160.48828125,22157.31726183763,1.134410772845886,19532.00533017839,26276.380478512758,35914.570717769144,28676.09114599873
2024-09-06,53948.75390625,21312.872491220995,1.1359117964295766,18762.7882360339,24726.688617282158,33590.03292592325,27853.902672448523
2024-09-07,54139.6875,21423.16250224619,1.137763188484645,18829.19285759201,24848.20034468382,33772.300517025746,27918.370676811333
2024-09-08,54841.56640625,21824.880034564994,1.14426352742695,19073.298686397487,25324.968023082936,34487.45203462442,28171.31960139932
2024-09-09,57019.53515625,22783.689940283024,1.1489058220581985,19830.772464419544,26828.017115648403,36742.02567347261,28968.76177039032
2024-09-10,57648.7109375,23018.910091188856,1.1480986252899985,20049.592939260343,27253.62830956644,37380.442464349675,29194.56964007576
2024-09-11,57343.171875,22897.75908937843,1.1481412249393508,19943.32978557405,27029.13600432251,37043.70400648378,29075.465326250614
2024-09-12,58127.01171875,23190.513479048506,1.1471399616540197,20215.940734564723,27562.22833786312,37843.342506794696,29358.29727687273
2024-09-13,60571.30078125,24137.831613307448,1.1458173496062163,21066.037812748178,29249.78287154238,40374.67430731359,30253.62874294669
2024-09-14,60005.12109375,23913.000225946966,1.145855338297647,20869.126692269532,28843.43915456973,39765.15873185461,30038.04322639816
2024-09-15,59182.8359375,23586.003631250605,1.1458892101015528,20583.144882881246,28259.125648863424,38888.68847329515,29728.035900845105
2024-09-16,58192.5078125,23191.13115112673,1.1458793665513303,20238.71956166153,27558.131774686997,37837.197662030514,29356.12384671617
2024-09-17,60308.5390625,24035.92050264801,1.1459508518988228,20974.652152682516,29017.412165437363,40026.11824815606,30130.3445463074
2024-09-18,61649.6796875,24532.148753057445,1.144165388065199,21441.086235392664,29937.415679116417,41406.12351867464,30618.45208787501
2024-09-19,62940.45703125,25047.211391612345,1.1442305263501056,21890.00451815296,30822.11824192612,42733.1773628892,31087.830722337763
2024-09-20,63192.9765625,25133.825220991916,1.143599137989537,21977.828057108833,30984.5786230036,42976.86793450541,31174.02402054894
2024-09-21,63394.83984375,25193.09361957446,1.1426458127005164,22048.03390477876,31111.76149800059,43167.6422470009,31241.50085027976
2024-09-22,63648.7109375,25292.206431238417,1.1425656052685307,22136.327502431806,31275.06689680522,43412.600345207844,31328.142472349755
2024-09-23,63329.80078125,25134.529241754448,1.1411603527457976,22025.41402816626,31040.024699857226,43060.03704978585,31203.440917180524
2024-09-24,64301.96875,25423.77351454696,1.1368411411985335,22363.523445099396,31702.825419656438,44054.23812948467,31555.0896066477
2024-09-25,63143.14453125,24970.80702394256,1.1370784095218849,21960.497020115097,30883.59627147577,42825.394407213666,31120.44786935702
2024-09-26,65181.01953125,25780.019896506263,1.137224323241417,22669.247719768937,32287.49612215159,44931.244183227405,31865.28644283182
2024-09-27,65790.6640625,25587.894171441836,1.1182896792533532,22881.275438870245,32697.822795090884,45546.734192636344,32082.985115271767
2024-09-28,65887.6484375,25627.837048010693,1.1183866831584859,22915.00554677026,32751.53400756285,45627.301011344294,32111.481580214026
2024-09-29,65635.3046875,25531.938975409823,1.1184854349645228,22827.24314261604,32562.312853368847,45343.46928005329,32011.090363209994
2024-09-30,63329.5,24623.345784012192,1.117956861117115,22025.30941972787,30945.230221940667,42917.84533291102,31153.147740163186
2024-10-01,60837.0078125,23646.543325639406,1.1175934797477711,21158.447820379355,29198.811954551406,40298.21793182713,30226.58614081095
2024-10-02,60632.78515625,23565.570688664113,1.1175178905434826,21087.421407816095,29044.1066765802,40066.160014870315,30144.507309833345
2024-10-03,60759.40234375,23616.36073464657,1.1175926105295315,21131.457484724062,29119.4999559053,40179.249933857966,30184.50718774135
2024-10-04,62067.4765625,24120.888492959573,1.1174117994191002,21586.39143196725,30016.416015532497,41524.62402329876,30660.36568865776
2024-10-05,62089.94921875,24130.396989769713,1.1174476929063948,21594.20717672111,30019.09098073418,41528.63647110129,30661.78489050749
2024-10-06,62818.953125,24415.115278406287,1.1175118202810237,21847.74678469759,30513.061548616322,42269.592322924495,30923.86080207821
2024-10-07,62236.66015625,24168.912686493673,1.1165929331525621,21645.231640733866,30095.044121704435,41642.566182556664,30702.081802815
2024-10-08,62131.96875,24128.811052159122,1.1166185757078806,21608.82111141905,30009.25777040795,41513.88665561194,30656.56788421709
2024-10-09,60582.1015625,23527.499393815277,1.1166459037537673,21069.794206672115,28918.562084390083,39877.84312658514,30077.89967047122
2024-10-10,60274.5,23455.670560347622,1.1189180447590112,20962.813737979734,28692.023458762527,39538.035188143804,29957.709682084125
2024-10-11,62445.08984375,24297.529991212767,1.1187881892875096,21717.72121288341,30188.807775842157,41783.21166376324,30751.828076637958
2024-10-12,63193.0234375,24589.673790570636,1.118839199518337,21977.844359722607,30695.86736290471,42543.80104435708,31020.84836274496
2024-10-13,62851.375,24457.410231588627,1.1188702487290694,21859.022759225143,30445.10874825425,42167.66312238139,30887.80846767492
2024-10-14,66046.125,25655.164923800472,1.1168928471880166,22970.121966840485,32653.52509030482,45480.28763545725,32059.482983531263
2024-10-15,67041.109375,26003.807945124525,1.1152694309001863,23316.16668102849,33331.62481867223,46497.437228008355,32419.248556629434
2024-10-16,67612.71875,26132.547268721246,1.1113155366771712,23514.966187602717,33715.11485210811,47072.67227816218,32622.70905939157
2024-10-17,67399.8359375,26044.13331194158,1.1110538567223587,23440.927867144565,33552.97365447152,46829.460481707305,32536.68510384304
2024-10-18,68418.7890625,26335.256902238427,1.1067415551651947,23795.308651176078,34247.458037343844,47871.187056015784,32905.14354964324
2024-10-19,68362.734375,26314.51530763648,1.1067766565213017,23775.81344220374,34194.20213133384,47791.30319700079,32876.88864738472
2024-10-20,69001.703125,26492.39042755124,1.1039397652087772,23998.039804772317,34624.256032588135,48436.38404888222,33105.053593889505
2024-10-21,67367.8515625,25865.79103491356,1.10396958418148,23429.804050345578,33473.72664130445,46710.589961956684,32494.64062879655
2024-10-22,67361.40625,25864.05659533172,1.1040011806828511,23427.562440951544,33455.18688505181,46682.78032757773,32484.804367617995
2024-10-23,66432.1953125,25491.44550868746,1.1033159579894602,23104.393010991844,32794.98538932581,45692.47808398874,32134.5346955714
2024-10-24,68161.0546875,26129.4262581875,1.1022436684498114,23705.671446437762,33983.31885734979,47474.9782860247,32765.004600322267
2024-10-25,66642.4140625,25508.987671355135,1.10059248792957,23177.504799567127,32913.07906072878,45869.61859109318,32197.1892515227
2024-10-26,67014.6953125,25655.73933879559,1.1007749251378762,23306.980158166407,33158.045589832436,46237.06838474867,32327.156157636982
2024-10-27,67929.296875,26009.458385914786,1.100926258406386,23625.06860683297,33780.04744600146,47170.07116900221,32657.15902431198
2024-10-28,69907.7578125,26775.15715720133,1.1012621084504628,24313.15574352728,35141.63382594397,49212.45073891597,33379.54820072715
2024-10-29,72720.4921875,27869.06059980996,1.1019187201883571,25291.394083082778,37082.93566860511,52124.403502907684,34409.50521260066
2024-10-30,72339.5390625,27714.82233948655,1.1015910600263477,25158.902740935166,36802.85764266533,51704.286463998,34260.909914152406
2024-10-31,70215.1875,26899.960371718007,1.1015510308598442,24420.076435969157,35310.55298687173,49465.829480307606,33469.16820232301
2024-11-01,69482.46875,26660.897403029998,1.1032744577221802,24165.244845851023,34786.39065972795,48679.58598959194,33191.074063463275
2024-11-02,69289.2734375,26582.481333827935,1.103096613091609,24098.05362317828,34637.549382208555,48456.324073312855,33112.10637586907
2024-11-03,68741.1171875,26130.057621822056,1.092968944958359,23907.410857696035,34241.91940472945,47862.879107094195,32902.20503005189
2024-11-04,67811.5078125,25648.741103607677,1.0875436416104864,23584.10285551925,33581.15293866257,46871.72940799387,32551.63561318905
2024-11-05,69359.5625,26286.53672706955,1.089710328076775,24122.49939253356,34643.47251305567,48465.208769583514,33115.24889086296
2024-11-06,75639.078125,29138.03427840936,1.107638553274259,26306.446441644017,38995.5827434116,54993.37411511742,35424.25944743716
2024-11-07,75904.859375,29258.091797210483,1.1083079770997193,26398.882261747003,39164.61505426052,55246.9225813908,35513.939480684014
2024-11-08,76545.4765625,29504.34961753529,1.1082827032454625,26621.681932899995,39594.241387406764,55891.36208111016,35741.877581079
2024-11-09,76778.8671875,29687.387269956875,1.111768381548571,26702.85264688461,39740.56110378786,56110.84165568181,35819.507455295505
2024-11-10,80474.1875,31178.03041219657,1.1139767243765624,27988.044749898498,42294.1524829657,59941.22872444857,37174.31446605825
2024-11-11,88701.484375,34332.13333328042,1.1128943660608193,30849.408874987676,47998.37108781906,68497.55663172861,40200.68564658236
2024-11-12,87955.8125,34047.180713164256,1.1130140637357697,30590.072329263116,47461.343952972384,67692.01592945859,39915.76608850711
2024-11-13,90584.1640625,35039.07836558728,1.1122039532964554,31504.184337535527,49270.665458914686,70405.99818837205,40875.70097901558
2024-11-14,87250.4296875,33748.629586430136,1.112173669058127,30344.74788007797,46933.58569527153,66900.37854290732,39635.7641299513
2024-11-15,91066.0078125,35226.99542572499,1.1122523850888308,31671.764338731053,49568.61555397445,70852.9233309617,41033.778297468285
2024-11-16,90558.4765625,35032.92813538753,1.1123241623246642,31495.25050518695,49196.69073658313,70295.03610487471,40836.453716023054
2024-11-17,89845.8515625,34761.102010909155,1.1124475600409618,31247.407302173604,48682.25588617514,69523.38382926273,40563.52048653439
2024-11-18,90542.640625,35040.21743681381,1.1127501899547734,31489.74293883337,49148.03331373137,70222.04997059707,40810.638537391605
2024-11-19,92343.7890625,35630.58832961323,1.1094285652439717,32116.16272182229,50381.60318207611,72072.40477311419,41465.10859846975
2024-11-20,94339.4921875,36376.227649341505,1.108684984908639,32810.24650328342,51750.084597096415,74125.12689564464,42191.15593332759
2024-11-21,98504.7265625,37756.87949182659,1.1021052340946753,34258.869592287156,54626.775453348506,78440.16318002278,43717.38325835178
2024-11-22,98997.6640625,37950.018649007194,1.1022271070784573,34430.307878742715,54948.99384153237,78923.49076229858,43888.33611121139
2024-11-23,97777.28125,37436.2578302271,1.1008762774660226,34005.87204621868,54079.71865325659,77619.5779798849,43427.14246489774
2024-11-24,98013.8203125,37519.91908940387,1.100673769916659,34088.137752428505,54223.79718302477,77835.69577453719,43503.583278342674
2024-11-25,93102.296875,35637.44821486583,1.1006018660770014,32379.963466618847,50788.02063332548,72682.03094998824,41680.73323471294
2024-11-26,91985.3203125,35258.694478396676,1.1021272580849972,31991.49120008198,49991.881205531696,71487.82180829757,41258.34174047672
2024-11-27,95962.53125,36786.185529409224,1.1022169941350484,33374.72178813278,52738.31754856043,75607.47632284067,42715.4625791862
2024-11-28,95652.46875,36658.07581908668,1.1019389204252128,33266.88543221723,52502.68470546998,75254.02705820499,42590.44765691321
2024-11-29,97461.5234375,37353.591461374956,1.1020040988996322,33896.05492272949,53740.68605354087,77111.02908031133,43247.268838006086
2024-11-30,96449.0546875,36968.442185626605,1.1020903907221307,33543.92933360349,53016.30851768871,76024.46277653308,42862.950590374974
2024-12-01,97279.7890625,37288.03428288559,1.1021251424431904,33832.84968912468,53573.84951891762,76860.77427837644,43158.75377306578
2024-12-02,95865.3046875,36749.72935125812,1.1022414253811865,33340.9074500616,52569.96049632142,75354.94074448216,42626.14080415805
2024-12-03,96002.1640625,36814.15439464893,1.1025996426038505,33388.50564807936,52645.123788968085,75467.68568345215,42666.01866271446
2024-12-04,98768.53125,37885.84943885227,1.1029160946925116,34350.61798550931,54548.73809303667,78323.10713955504,43675.980564203455
2024-12-05,96593.5703125,37382.166294665236,1.1127568775994787,33594.19029187113,53015.7261915852,76023.5892873778,42862.64163746496
2024-12-06,99920.7109375,38675.07759788419,1.1129091659518775,34751.33351499103,55309.16183771601,79463.74275657404,44079.42311528762
2024-12-07,99923.3359375,38675.99650047811,1.1129063712033156,34752.24646136242,55290.136382581964,79435.20457387296,44069.32916673784
2024-12-08,101236.015625,39187.80364679048,1.1130121879965509,35208.78214040898,56182.082471390844,80773.12370708627,44542.5508513794
2024-12-09,97432.71875,37764.0783485332,1.1144436390066723,33886.03696656489,53516.26050152273,76774.39075228412,43128.19994008148
2024-12-10,96675.4296875,37500.34811939019,1.1153296026940043,33622.66008972648,52969.333151792074,75953.99972768813,42838.02782647122
2024-12-11,101173.03125,39220.73706840673,1.1146410413905525,35186.87686170027,56076.654569622624,80614.98185443395,44486.61611506635
2024-12-12,100043.0,38738.86884032742,1.1133821896623035,34793.864317227126,55269.75316208601,79404.62974312904,44058.51485625144
2024-12-13,101459.2578125,39246.94956837084,1.1122393786376472,35286.423338511355,56233.69935065136,80850.54902597706,44569.936168570726
2024-12-14,101372.96875,39215.04534535916,1.112281201381191,35256.412943654286,56152.52471317103,80728.78706975655,44526.8689931208
2024-12-15,104298.6953125,40240.23983508473,1.1093426891703269,36273.948733713885,58165.83192404999,83748.74788607501,45595.02842785237
2024-12-16,106029.71875,40912.17535896741,1.1094532422908179,36875.979806495736,59347.7684817298,85521.65272259472,46222.10445406333
2024-12-17,106140.6015625,40921.134474550614,1.1085369190612575,36914.543639379976,59402.74742131465,85604.12113197199,46251.27351118077
2024-12-18,100041.5390625,38580.51478943241,1.1088471760667877,34793.35621909781,55139.49656701887,79209.24485052832,43989.40726541524
2024-12-19,97490.953125,37789.553139549025,1.1145292765493846,33906.290247077755,53345.02084883051,76517.53127324578,43037.34880239371
2024-12-20,97755.9296875,38270.542436591044,1.1256556315869968,33998.44620564428,53508.93369824016,76763.40054736026,43124.31270716919
2024-12-21,97224.7265625,38062.61714551855,1.1256566909167216,33813.69955214391,53119.15217150814,76178.72825726222,42917.514254845
2024-12-22,95104.9375,37327.201299046574,1.1285125814443397,33076.460034918644,51624.82726103667,73937.240891555,42124.70069760469
2024-12-23,94686.2421875,37214.576886367606,1.1300827493706784,32930.84237158004,51313.83342893651,73470.75014340477,41959.70302903921
2024-12-24,98676.09375,38784.26210622838,1.130127974094778,34318.46923114544,54068.49606652863,77602.74409979297,43421.18832544461
2024-12-25,99299.1953125,39030.021341701045,1.1301526313897816,34535.17715895126,54481.190815844886,78221.78622376734,43640.14337997595
2024-12-26,95795.515625,37670.90535941493,1.130693562209382,33316.635575253255,52024.117667103725,74536.1765006556,42336.54408252563
2024-12-27,94164.859375,37058.543600754994,1.1315754751229952,32749.511115665493,50870.2190412588,72805.32856188822,41724.3435712177
2024-12-28,95163.9296875,37471.93326645151,1.1321859820824698,33096.9768743542,51545.29237251161,73817.93855876743,42082.50349038798
2024-12-29,93530.2265625,36841.811618993255,1.1325908067953805,32528.79274487108,50389.40683789844,72084.11025684768,41469.2488253298
2024-12-30,92643.2109375,36551.09671279948,1.1344121111703875,32220.298384410977,49753.08593794758,71129.62890692138,41131.64899499757
2024-12-31,93429.203125,36875.26174736606,1.1348448939306646,32493.65789508414,50280.30876455686,71920.4631468353,41411.36688077551
2025-01-01,94419.7578125,37286.32396774641,1.1354570926903234,32838.16201227043,50949.61410172209,72924.42115258315,41766.46659270527
2025-01-02,96886.875,38278.490272527735,1.135988390920354,33696.198463362205,52645.46928482761,75468.20392724144,42666.20196542157
2025-01-03,98107.4296875,38761.93218535891,1.1360241413439551,34120.694072136735,53473.98808593339,76710.98212890011,43105.7723248141
2025-01-04,98236.2265625,38814.289905007245,1.1360671814319645,34165.488220585234,53543.07708989804,76814.61563484707,43142.42747164031
2025-01-05,98314.9609375,38842.972710725386,1.1359962288355596,34192.87117752227,53577.32728106559,76865.9909215984,43160.59889855384
2025-01-06,102078.0859375,40330.95561613654,1.1360306150103658,35501.64501136137,56173.573961736976,80760.36094260548,44538.036664566185
2025-01-07,96922.703125,38324.121530346754,1.1369221606507147,33708.65909449073,52567.376932538995,75351.06539880851,42624.77009529925
2025-01-08,95043.5234375,37647.36313098478,1.138927491160032,33055.10089377139,51240.427470564064,73360.64120584611,41920.75752356575
2025-01-09,92484.0390625,36660.88695902446,1.1397778698454444,32164.940142236424,49440.80700340879,70661.21050511321,40965.96951578391
2025-01-10,94701.453125,37546.964472715415,1.1399931182934409,32936.132569749956,50963.430178894,72945.14526834102,41773.79670760399
2025-01-11,94566.59375,37493.971567423,1.1400075837748307,32889.22994991992,50849.89140126398,72774.83710189599,41713.55874894668
2025-01-12,94488.4375,37473.99295895534,1.1403425888789742,32862.04805855278,50775.81038969456,72663.71558454186,41674.25509423628
2025-01-13,94516.5234375,37648.63192887213,1.1453164583777027,32871.81604130616,50775.623265576556,72663.43489836485,41674.15581560109
2025-01-14,96534.046875,38452.50564829674,1.1453235022414028,33573.488689479454,52158.82446870945,74738.23670306419,42408.01272888032
2025-01-15,100504.4921875,40033.493804771126,1.1453073844635135,34954.3662669421,54899.607003874575,78849.41050581187,43862.13394181037
2025-01-16,99756.90625,39737.22022931855,1.1453508758262598,34694.36403115507,54358.78591388182,78038.17887082275,43575.20150216279
2025-01-17,104462.0390625,41587.03615318014,1.1446784638487792,36330.75790851439,57609.77521385535,82914.66282078304,45300.0127352493
2025-01-18,104408.0703125,41557.27844197221,1.1444506495254214,36311.98816585503,57550.448535637115,82825.67280345569,45268.53698692452
2025-01-19,101089.609375,40233.55965592319,1.1443687268379383,35157.86364338576,55221.10477251254,79331.65715876884,44032.70447022261
2025-01-20,102016.6640625,40497.569060988026,1.1414105374025507,35480.28315311182,55844.6556220728,80266.98343310921,44363.52915479814
2025-01-21,106146.265625,42070.763118984796,1.13961907792454,36916.51353854442,58694.96648481488,84542.44972722234,45875.76058351618
2025-01-22,103653.0703125,41085.20289624588,1.1396914917458003,36049.407399989286,56939.12456326461,81908.68684489693,44944.19926775339
2025-01-23,103960.171875,40996.44875555739,1.1338700668406605,36156.21397413474,57131.04398317103,82196.56597475657,45046.02204868495
2025-01-24,104819.484375,41213.01005397875,1.1305150726262838,36455.07348985395,57706.88997051555,83060.33495577333,45351.53693534044
2025-01-25,104714.6484375,41123.29443772516,1.129183442079183,36418.612694146665,57612.11721148448,82918.17581722674,45301.255281270176
2025-01-26,102682.5,40314.72062839037,1.1288890530730322,35711.85363047564,56177.171971964155,80765.75795794625,44539.94558763052
2025-01-27,102087.6875,40235.66767038267,1.1332399782610671,35504.9843300829,55742.130380580624,80113.19557087096,44309.13442387668
2025-01-28,101332.4765625,39937.15574918065,1.133215525754265,35242.330202455174,55195.676727203696,79293.51509080557,44019.21362970078
2025-01-29,103703.2109375,40885.568810858924,1.1336053360491605,36066.845762523706,56823.06773988325,81734.60160982488,44882.6253608057
2025-01-30,104735.3046875,41208.76314287969,1.131307119182551,36425.79671261675,57519.11416204176,82778.67124306265,45251.91254600143
2025-01-31,102405.0234375,40293.06572180253,1.1313398681490712,35615.35030823585,55876.85214309502,80315.27821464255,44380.61100773623
2025-02-01,100655.90625,39605.66903725379,1.1313634170090745,35007.026426536926,54639.20016384126,78458.8002457619,43723.975184146766
2025-02-02,97688.9765625,38498.44452543469,1.1331350257481112,33975.160638969304,52555.08349232262,75332.62523848395,42618.24781490336
2025-02-03,101405.421875,40166.228956586994,1.1388956240309844,35267.69978659102,55119.00116769411,79178.50175154117,43978.53343849055
2025-02-04,97871.8203125,38780.05689069247,1.139291394444383,34038.75170110012,52640.68174569163,75461.02261853748,42663.66193821181
2025-02-05,96615.4453125,38346.901307486776,1.1412157499431652,33601.79817829936,51746.61362118314,74119.92043177472,42189.31440827395
2025-02-06,96593.296875,38344.6061457016,1.1414091055311282,33594.09519329078,51711.05119405,74066.57679107501,42170.44677502904
2025-02-07,96529.0859375,38341.97977090862,1.1420901367189213,33571.76332952163,51646.24440851399,73969.366612771,42136.063557688496
2025-02-08,96482.453125,38379.24901857687,1.1437528158291959,33555.544945918016,51593.67431433922,73890.51147150884,42108.17251265868
2025-02-09,96500.09375,38408.78164892782,1.14442368387098,33561.680162901925,51585.807740209304,73878.71161031396,42103.99890451259
2025-02-10,97437.5546875,38784.82724194439,1.1445098270059968,33887.71885288599,52217.55248886569,74826.32873329855,42439.17085938025
2025-02-11,95747.4296875,38164.82090329922,1.1460937530508624,33299.91181062263,51021.95845725259,73032.9376858789,41804.84886516321
2025-02-12,97885.859375,39050.267814011524,1.1470651878990659,34043.634333925664,52488.9773232583,75233.46598488747,42583.17521008753
2025-02-13,96623.8671875,38583.50229390582,1.1481569854009206,33604.727214574224,51591.00024822669,73886.50037234006,42106.75378782037
2025-02-14,97508.96875,38908.28353846078,1.1473120360032418,33912.555884971865,52186.31005549098,74779.4650832365,42422.59519730898
2025-02-15,97580.3515625,38939.291607261635,1.1473864292608942,33937.38204864855,52215.59995361517,74823.39993042278,42438.13494248777
2025-02-16,96175.03125,38383.47148169619,1.1475350397927684,33448.62697057844,51218.0206212926,73327.03093193892,41908.86957754212
2025-02-17,95773.3828125,38249.658321445204,1.1483301657161624,33308.938024449264,50918.65736621958,72877.98604932938,41750.04250753992
2025-02-18,95539.546875,38177.949323666304,1.1489826239433232,33227.61243563379,50736.069621127244,72604.10443169088,41653.17064340867
2025-02-19,96635.609375,38618.13732631634,1.1490480072059441,33608.81101932481,51478.30150189769,73717.45225284656,42046.96150747525
2025-02-20,98333.9375,39247.34369679098,1.1476008992942608,34199.47101899875,52639.10181863419,75458.6527279513,42662.82370846551
2025-02-21,96125.546875,38291.7335295108,1.14538171407634,33431.416844636864,51082.93461980363,73124.40192970545,41837.199746822334
2025-02-22,96577.7578125,38462.70949293096,1.1451089187721069,33588.69087682444,51377.32946965267,73565.99420447902,41993.39083117521
2025-02-23,96273.921875,38344.08887161299,1.1451801185408754,33483.02005143863,51145.89800685019,73218.8470102753,41870.60494974071
2025-02-24,91418.171875,36452.200104951786,1.1465031553904603,31794.243158918656,47749.267675914896,68123.90151387236,40068.523918748935
2025-02-25,88736.171875,35660.60073556365,1.1555054729907428,30861.47280918101,45865.210092754096,65297.815139131155,39068.937828679664
2025-02-26,84347.0234375,34262.77387742256,1.1679837481070998,29334.974851277464,42794.61319203624,60691.91978805438,37439.8337197606
2025-02-27,84704.2265625,34450.8405569269,1.1694422558496032,29459.206202445857,43025.40037065156,61038.10055597735,37562.27777644552
2025-02-28,84373.0078125,34862.37040451888,1.1880573959521592,29344.011933513284,42777.405425626304,60666.10813843948,37430.704145326
2025-03-01,86031.9140625,35540.792278430556,1.1878225355704521,29920.961435002642,43913.35185174402,62370.027777616044,38033.38012336391
2025-03-02,94248.3515625,38919.69146791317,1.1873524883529727,32778.54878790067,49608.85942826732,70913.28914240102,41055.12967086217
2025-03-03,86065.671875,35749.795285987886,1.1943390625194195,29932.70203402278,43899.20629929114,62348.80944893672,38025.87520547041
2025-03-04,87222.1953125,36555.53408243962,1.205064134459231,30334.928272380967,44685.45781904408,63528.18672856614,38443.020673562925
2025-03-05,90623.5625,37992.64369811857,1.2054311914544498,31517.886684413224,47032.46391109795,67048.69586664696,39688.22393268468
2025-03-06,89961.7265625,37723.84488755028,1.2057081859455525,31287.70736342485,46553.33264470315,66329.99896705474,39434.02100731441
2025-03-07,86742.671875,36480.369097328236,1.2092343331679936,30168.15525056729,44296.12752583769,62944.191288756556,38236.461623027535
2025-03-08,86154.59375,36233.927966839765,1.2092637064897478,29963.62809235353,43869.09503255475,62303.642548832155,38009.89968346244
2025-03-09,80601.0390625,34153.601005964185,1.2183719754426932,28032.16233987534,39989.34423019445,56484.01634529169,35951.4992557705
2025-03-10,78532.0,33707.606923065985,1.234142487271381,27312.573119163568,38533.778244899404,54300.66736734913,35179.24923269107
2025-03-11,82862.2109375,35747.6343255983,1.2404373390165675,28818.573257347627,41528.48737731312,58792.73106596969,36768.0911127477
2025-03-12,83722.359375,36130.929689920005,1.2408569538817806,29117.72350301249,42109.317234541035,59663.97585181157,37076.25018982215
2025-03-13,81066.703125,34997.95835349632,1.2413213919874595,28194.11522221627,40245.18420381527,56867.77630572292,36087.235064060405
2025-03-14,83969.1015625,36250.617271932366,1.2413091040095505,29203.53774482062,42246.50712637707,59869.760689565635,37149.0362388278
2025-03-15,84343.109375,36413.308708075194,1.241350937040512,29333.613583027272,42489.05863464056,60233.58795196086,37277.7218564822
2025-03-16,82579.6875,35659.75696717975,1.2416213873620994,28720.31468702475,41245.2286538233,58367.84298073497,36617.80829632965
2025-03-17,84075.6875,36305.792097244856,1.2416223741312358,29240.607171442167,42268.26925835527,59902.40388753293,37160.582130317576
2025-03-18,82718.5,35727.093462656856,1.2418784090368673,28768.592160616456,41306.97808140748,58460.46712211124,36650.56943348095
2025-03-19,86854.2265625,37513.80698117932,1.2418931259427537,30206.952754248967,44165.57509701995,62748.36264552994,38167.1970776987
2025-03-20,84167.1953125,36359.34733163444,1.2421020090851425,29272.43259063283,42278.97131023329,59918.456965349964,37166.26010018861
2025-03-21,84043.2421875,36312.68457271536,1.2423375155167014,29229.323045607725,42175.21462635572,59762.82193953361,37111.212027941394
2025-03-22,83832.484375,36219.03237772336,1.2422486912062178,29156.023776974034,42011.12247482216,59516.68371223325,37024.15299448696
2025-03-23,86054.375,37181.552848289604,1.2423346830476067,29928.773104103057,43538.66386521774,61807.99579782663,37834.58954350308
2025-03-24,87498.9140625,37801.96792974496,1.2422121913099224,30431.168035698065,44525.195027586335,63287.792541379524,38357.99330575388
2025-03-25,87471.703125,37787.93031650251,1.2421371879397989,30421.70436840181,44488.01467037278,63232.02200555919,38338.26728027215
2025-03-26,86900.8828125,37539.118411581025,1.2420638494854068,30223.17928915946,44072.83060431459,62609.24590647191,38117.9915196163
2025-03-27,87177.1015625,37656.82326793377,1.2420105801375825,30319.24515792963,44246.770794760174,62870.15619214028,38210.27542666213
2025-03-28,84353.1484375,36450.58613278541,1.2424738589198334,29337.10505947737,42264.88833481997,59897.33250222996,37158.788382521496
2025-03-29,82597.5859375,35701.440396632584,1.2428033774010339,28726.539568384418,41026.52142889303,58039.78214333957,36501.77325483629
2025-03-30,82334.5234375,35581.49607881447,1.2425854660205917,28635.04929988037,40826.35986230501,57739.53979345752,36395.577605873055
2025-03-31,82548.9140625,35672.78291727447,1.2425379657196265,28709.612021081608,40958.259537494836,57937.38930624227,36465.55693229216
2025-04-01,85169.171875,36807.72133180317,1.242626321609676,29620.909111375575,42763.081172615945,60644.62175892393,37423.1044179144
2025-04-02,82485.7109375,35675.51968174036,1.2435854358345642,28687.63066350862,40879.31169848393,57818.9675477259,36423.67118398932
2025-04-03,83102.828125,35959.31049561834,1.244169620857634,28902.257290955855,41291.223599003824,58436.835398505755,36642.21089836626
2025-04-04,83843.8046875,36306.99632088035,1.2450975670864028,29159.96085820064,41789.13475697848,59183.702135467734,36906.37748862874
2025-04-05,83504.796875,36170.37359811562,1.245448034316994,29042.05763827916,41535.90308255255,58803.854623828825,36772.02551256204
2025-04-06,78214.484375,34082.37897200176,1.2529298484903229,27202.14464765782,37839.755814521275,53259.633721781924,34811.03587562467
2025-04-07,79235.3359375,34740.07243680388,1.2606538574257435,27557.18568754721,38533.30358288753,54299.9553743313,35178.99740092712
2025-04-08,76271.953125,33527.00920192962,1.263903704900712,26526.553464421875,36456.1232045582,51184.18480683732,34076.95007960297
2025-04-09,82573.953125,36440.79243621684,1.268904031032438,28718.320333939635,40822.42595139336,57733.638927090054,36393.49047081837
2025-04-10,79626.140625,35186.10376525518,1.2705727989225237,27693.103295689823,38755.37601291632,54633.06401937449,35296.81785080543
2025-04-11,83404.8359375,36857.166898592644,1.2706172813065393,29007.292314404447,41366.349674956924,58549.524512435404,36682.06901161895
2025-04-12,85287.109375,37691.23233161439,1.2706940106310753,29661.926487632914,42657.82086552128,60486.731298281935,37367.25859889663
2025-04-13,83684.9765625,36982.81374303284,1.2706808719522789,29104.722168527107,41525.94939400855,58788.924091012836,36766.74458659545
2025-04-14,84542.390625,37362.8420903219,1.2707186998856574,29402.92142838844,42104.70616087418,59657.05924131129,37073.80378630515
2025-04-15,83668.9921875,36974.69858504527,1.2706447472038274,29099.162977229906,41479.72976077077,58719.594641156174,36742.22277638885
2025-04-16,84033.8671875,37137.38219722857,1.2706939967773523,29226.06252285277,41715.99321450279,59073.989821754214,36867.572268916585
2025-04-17,84895.75,37519.76189684725,1.2707442849686006,29525.815965227303,42297.78460967272,59946.676914509095,37176.24148960898
2025-04-18,84450.8046875,37324.52340624162,1.270792139431077,29371.068838174822,41970.667714264855,59456.0015713973,37002.68973545942
2025-04-19,85063.4140625,37588.58356319908,1.2705658908527417,29584.12769759738,42379.034956491414,60068.55243473715,37219.34883262184
2025-04-20,85174.3046875,37638.86645597696,1.2706091532861454,29622.694247583913,42438.39443991593,60157.59165987391,37250.8419857373
2025-04-21,87518.90625,38603.47260890809,1.2682606945902515,30438.12110047301,44050.98527303383,62576.47790955077,38106.40148676573
2025-04-22,93441.890625,41212.272304730985,1.268145207075417,32498.070469212515,48151.38516823132,68727.07775234699,40281.8672132881
2025-04-23,93699.109375,41305.00310634518,1.2675095413436015,32587.528345199305,48310.74840319778,68966.12260479669,40366.41732171614
2025-04-24,93943.796875,41406.91638934354,1.2673273910856755,32672.627989103643,48461.344114212996,69192.01617131951,40446.31582338632
2025-04-25,94720.5,41747.47637460479,1.2672733051911915,32942.75686514711,48981.83621218084,69972.75431827127,40722.462723443794
2025-04-26,94646.9296875,41710.4677755775,1.2671340788420338,32917.169912827594,48910.91200559411,69866.36800839117,40684.83391050998
2025-04-27,93754.84375,41303.56713755767,1.2667120070670665,32606.91215297752,48270.83233860217,68906.24850790328,40345.23986764218
2025-04-28,94978.75,41823.44534773716,1.2661273720037496,33032.573398636945,49102.33528588185,70153.50292882278,40786.39346474082
2025-04-29,94284.7890625,41517.419421770755,1.2661138472038633,32791.22135300826,48599.95646181267,69399.93469271902,40519.85655579856
2025-04-30,94207.3125,41412.094735768085,1.2639404858492678,32764.27584954085,48526.406889368125,69289.6103340522,40480.83485592951
2025-05-01,96492.3359375,42010.884894335635,1.2518521805513683,33558.9820803222,50095.68396168264,71643.52594252398,41313.41425635239
2025-05-02,96910.0703125,42126.686548262864,1.2498918422705034,33704.26554007842,50366.02832187103,72049.04248280656,41456.84536184952
2025-05-03,95891.796875,41656.3393420859,1.2490611102216915,33350.12114394664,49637.72945692111,70956.59418538168,41070.44665444067
2025-05-04,94315.9765625,40920.450070715626,1.247496043208703,32802.068025373075,48521.94197895875,69282.91296843813,40478.46599927751
2025-05-05,94748.0546875,41086.65494244931,1.2468509015304026,32952.34008494438,48802.71469405039,69704.0720410756,40627.42986481168
2025-05-06,96802.4765625,41979.58848433607,1.246911842411592,33666.845607260715,50211.525631318706,71817.28844697807,41374.87401355597
2025-05-07,97032.3203125,41998.65100990082,1.2445231094343143,33746.78275680304,50351.15186074927,72026.72779112392,41448.95266061806
2025-05-08,103241.4609375,44688.11846924682,1.2445775681448275,35906.25414843297,54648.55089152007,78472.82633728012,43728.93620943776
2025-05-09,102970.8515625,44573.167114701726,1.244638498601433,35812.13915911118,54438.83362938103,78158.25044407156,43617.6707895508
2025-05-10,104696.328125,45322.56235120117,1.2447067523280122,36412.24108926302,55617.19014503115,79925.78521754674,44242.84742571831
2025-05-11,104106.359375,45062.26544667303,1.2445713608539606,36207.05639229368,55185.09651725709,79277.64477588565,44013.600303023726
2025-05-12,102812.953125,44468.69102176353,1.2436281760786292,35757.22380461085,54263.97700760865,77895.96551141299,43524.9006701859
2025-05-13,104169.8125,45019.699146788844,1.2426383337476168,36229.124697140134,55186.04131784895,79279.06197677343,44014.10156664642
2025-05-14,103539.4140625,44709.998632163675,1.2416036898482992,36009.878995790044,54725.94398775129,78588.91598162695,43769.99708950404
2025-05-15,103744.640625,44703.45820786457,1.2389662931061487,36081.25455599831,54847.04635543423,78770.56953315137,43834.247908211626
2025-05-16,103489.2890625,44595.41110573356,1.2390214052734543,35992.446067460216,54647.83391071756,78471.75086607636,43728.555815524414
2025-05-17,103191.0859375,44444.74923247765,1.2384039207012514,35888.73427282968,54418.87708089278,78128.31562133919,43607.08284974846
2025-05-18,106446.0078125,45822.54260274542,1.237752597656378,37020.76060232724,56660.71728352651,81491.07592528977,44796.49038311656
2025-05-19,105606.1796875,45434.32364386425,1.237025852474884,36728.67753973374,56054.51395181567,80581.77092772353,44474.86941805284
2025-05-20,106791.0859375,45919.86339043168,1.236373322235797,37140.775010732556,56856.424428806866,81784.63664321031,44900.32274041703
2025-05-21,109678.078125,47105.503153189864,1.234911560377226,38144.839407609594,58841.666318916374,84762.49947837458,45953.59212905595
2025-05-22,111673.28125,47964.50679235371,1.234965277296317,38838.7492945238,60206.18284316807,86809.27426475212,46677.53589250685
2025-05-23,107287.796875,46005.094584716564,1.2329334677960135,37313.525657596976,57133.34745391987,82200.02118087982,45047.24415428298
2025-05-24,107791.15625,46208.231905220004,1.2325946023039671,37488.588558515126,57460.98010262106,82691.4701539316,45221.06954116146
2025-05-25,109035.390625,46736.377338923434,1.2324565100397717,37921.319704348214,58303.689602464634,83955.53440369695,45668.16877079311
2025-05-26,109440.3671875,46887.708627584645,1.231871787327653,38062.166136055406,58562.54516619737,84343.81774929607,45805.50449935944
2025-05-27,108994.640625,46669.647374649896,1.2311569374190314,37907.14729877334,58229.763203253984,83844.644804881,45628.94714561546
2025-05-28,107802.328125,46134.297234110025,1.2304948778760512,37492.474014798114,57377.92115089465,82566.88172634199,45177.00264344905
2025-05-29,105641.7578125,45166.30303609652,1.2293143917204654,36741.051223588795,55853.03093774186,80279.5464066128,44367.97267558941
2025-05-30,103998.5703125,44445.0468706709,1.2287967115629113,36169.56853191858,54688.36381328227,78532.54571992342,43750.05894111762
2025-05-31,104638.09375,44701.96569133575,1.2283463581669898,36391.98780875016,55111.36717426018,79167.05076139027,43974.48322595116
2025-06-01,105652.1015625,45136.68366187825,1.2283879503352044,36744.64866702843,55794.64210161651,80191.96315242478,44336.994499058135
2025-06-02,105881.53125,45236.11287988198,1.2284263021039086,36824.441810149074,55932.13372277171,80398.20058415759,44409.94063044826
2025-06-03,105432.46875,45035.122712075696,1.2281771567507065,36668.26277018671,55597.77468518487,79896.66202777732,44232.54656030522
2025-06-04,104731.984375,44731.98929760849,1.2280694307498525,36424.64194414103,55088.67824792703,79133.01737189056,43962.44562404136
2025-06-05,101575.953125,43343.60858404469,1.2269255219891113,35327.00869550366,52872.215545434985,75808.32331815248,42786.50211447439
2025-06-06,104390.34375,44544.30515119595,1.2269190282965268,36305.82306074587,54808.060782082954,78712.09117312443,43813.56412594105
2025-06-07,105615.625,45067.87027959468,1.226938807297906,36731.96251640936,55638.30051590008,79957.45077385014,44254.047525580114
2025-06-08,105793.6484375,45144.239041685105,1.2269497690218842,36793.877126423664,55740.05340965284,80110.08011447928,44308.03248767926
2025-06-09,110294.1015625,47065.252820207046,1.2269649297955665,38359.08564073542,58847.45498689191,84771.18248033787,45956.66330482047
2025-06-10,110257.234375,47037.87199686067,1.2266611538633876,38346.26363500156,58798.803217243185,84698.20482586478,45930.8511254939
2025-06-11,108686.625,46351.052754956174,1.226217586459888,37800.02282365928,57683.641580864445,83025.46237129669,45339.20251036347
2025-06-12,105929.0546875,45108.73156829719,1.2244175882877564,36840.969943414406,55743.43123840863,80115.14685761296,44309.824593541154
2025-06-13,106090.96875,45135.80228712434,1.2232825828072305,36897.28188849478,55833.916759436295,80250.87513915445,44357.8316549921
2025-06-14,105472.40625,44873.34040601455,1.2233017211082156,36682.15259712282,55381.6488851341,79572.47332770115,44117.88109287646
2025-06-15,105552.0234375,44906.654480049794,1.2232864898314284,36709.84258661928,55415.002958575045,79622.50443786258,44135.57708484438
2025-06-16,106796.7578125,45408.762846641155,1.22254721978708,37142.7476269993,56258.52739075889,80887.79108613834,44583.108676543394
2025-06-17,104601.1171875,44391.760556408626,1.2202535708084017,36379.127763584154,54709.460187270444,78564.19028090566,43761.25161493924
2025-06-18,104883.328125,44493.39563698274,1.219756475911468,36477.2776498152,54883.87359314264,78825.81038971397,43853.786586263726
2025-06-19,104684.2890625,44404.58806125443,1.2196364029515085,36408.0540346252,54723.58153034187,78585.37229551282,43768.7436885539
2025-06-20,103309.6015625,43813.52818909437,1.219415136363971,35929.9527146569,53745.82091877648,77118.73137816474,43249.9931389562
2025-06-21,102257.40625,43365.101991737916,1.21935353146424,35564.01066035678,52992.59840378002,75988.89760567003,42850.371197755056
2025-06-22,100987.140625,42900.66520703801,1.2214677124577835,35122.2261296741,52087.95600673685,74631.93401010528,42370.41349123197
2025-06-23,105577.7734375,44861.33472139581,1.2217538964936538,36718.79815578622,55259.06878006764,79388.60317010147,44052.84626111823
2025-06-24,106045.6328125,45061.1464237411,1.2217813444222518,36881.514543872276,55562.37264751342,79843.55897127013,44213.76402163295
2025-06-25,107361.2578125,45577.72821815787,1.2206442913340436,37339.07457048435,56455.08925599528,81182.63388399292,44687.39450521681
2025-06-26,106960.0,45387.95659059946,1.2201220549476317,37199.521479469964,56153.66336107882,80730.49504161824,44527.47310236898
2025-06-27,107088.4296875,45436.28176619329,1.2199563018738682,37244.187924110556,56220.64973760554,80830.97460640832,44563.01270094532
2025-06-28,107327.703125,45537.52928385567,1.2199489825816963,37327.40461612391,56364.68667886256,81047.03001829385,44639.43144962025
2025-06-29,108385.5703125,45972.76204023451,1.2195880791084395,37695.31928669078,57077.898828424295,82116.84824263645,45017.8259054703
2025-06-30,107135.3359375,45399.611280981444,1.2184380125736034,37260.50140629452,56185.90676678799,80778.860150182,44544.57982996128
2025-07-01,105698.28125,44748.620032105486,1.2172947881319083,36760.70945869888,55164.2664459215,79246.39966888227,44002.548915981046
2025-07-02,108859.3203125,46078.79650954439,1.2170811892370998,37860.08436990786,57340.300217717515,82510.45032657628,45157.042870544334
2025-07-03,109647.9765625,46407.31659799989,1.2169419894980633,38134.37041246389,57865.9916805821,83298.98752087317,45435.94829182452
2025-07-04,108034.3359375,45702.18691325025,1.2163518396928603,37573.163801676375,56721.03456072606,81581.5518410891,44828.49169338351
2025-07-05,108231.1796875,45787.08098265651,1.2163949432885302,37641.623911121256,56835.369805269154,81753.05470790374,44889.15221728224
2025-07-06,109232.0703125,46210.32883954207,1.2163902626504972,37989.722754644885,57508.773658663624,82763.16048799545,45246.42639556022
2025-07-07,108299.8515625,45817.51818523751,1.2164317313696955,37665.507240301304,56837.743325632284,81756.61498844842,44890.4114876786
2025-07-08,108950.2734375,46092.920075666734,1.2164378887322935,37891.71687483552,57267.42756457581,82401.14134686372,45118.380309974025
2025-07-09,111326.5546875,47099.842092316954,1.2164792999791163,38718.16157753407,58897.08607302638,84845.62910953957,45982.99506016513
2025-07-10,115987.203125,49073.153994328095,1.2165163110915045,40339.08427442112,62114.72801623584,89672.09202435377,47690.11386481427
2025-07-11,117516.9921875,49722.615107651545,1.2165706518396242,40871.12822626786,63154.29324299355,91231.43986449033,48241.65483132943
2025-07-12,117435.2265625,49690.37880977535,1.2166284236474014,40842.691033640054,63072.913243117764,91109.36986467666,48198.4787009326
2025-07-13,119116.1171875,50403.996443166354,1.2166859272964823,41427.28646098979,64217.24772594064,92825.87158891094,48805.60495951401
2025-07-14,119849.703125,50718.93483761689,1.2167944007125466,41682.419649462754,64702.50465109689,93553.75697664534,49063.05785099211
2025-07-15,117777.1875,49808.66137280883,1.2159836395597514,40961.62131822935,63236.33101583915,91354.49652375873,48285.17994294472
2025-07-16,118738.5078125,50219.713123443136,1.2160927003188018,41295.958038624776,63880.226881806826,92320.34032271022,48626.798668840886
2025-07-17,119289.84375,50455.58730015789,1.2161575405429168,41487.7066647414,64238.83151004123,92858.24726506186,48817.05622859987
2025-07-18,118003.2265625,49913.973883695115,1.2162204625064852,41040.23523895362,63319.264517322285,91478.89677598346,48329.18028307457
2025-07-19,117939.9765625,49889.6878964047,1.2162806312826608,41018.23757876686,63250.658254401504,91375.98738160226,48292.78125433989
2025-07-20,117300.7890625,49621.78446840713,1.2163413904194649,40795.935137333996,62781.57581045338,90672.36371568008,48043.90972819492
2025-07-21,117439.5390625,49682.96864640081,1.216402322659223,40844.190874107335,62853.58076947559,90780.37115421341,48082.1119339544
2025-07-22,119995.4140625,50766.87516215897,1.2164655784837979,41733.096324381644,64606.351812229586,93409.5277183444,49012.04399604869
2025-07-23,118754.9609375,50250.032419880525,1.2166583080480828,41301.68025605972,63718.7386674321,92078.10800114817,48541.12115333296
2025-07-24,118368.0,50089.44593323145,1.216734882649852,41167.09946224664,63424.87682012859,91637.31523019291,48385.212853293706
2025-07-25,117635.8828125,49784.15957519827,1.2168454006559564,40912.47708900528,62891.08458739248,90836.62688108873,48102.00957139885
2025-07-26,117947.3671875,49918.6780290534,1.216911136434101,41020.80795753868,63083.13383968475,91124.70075952713,48203.90123485719
2025-07-27,119448.4921875,50557.062185691386,1.2169849250659053,41542.88286106214,64102.35791701502,92653.53687552256,48744.65021167659
2025-07-28,117924.4765625,49914.81989162632,1.2170532827639893,41012.846847812,63017.67818240606,91026.51727360909,48169.17375884112
2025-07-29,117922.1484375,49918.232832823705,1.2171605289596665,41012.03715132785,62991.451567146956,90987.17735072046,48155.25923731222
2025-07-30,117831.1875,49882.48757643473,1.2172278754731423,40980.40192929789,62903.59288192947,90855.38932289423,48108.64584267921
2025-07-31,115758.203125,49007.73085118905,1.2172978599549287,40259.440571926745,61437.514502844024,88656.27175426604,47330.81847276063
2025-08-01,113320.0859375,47971.957481828555,1.217207405157272,39411.49000455697,59717.96647410173,86076.94971115261,46418.51286910004
2025-08-02,112526.9140625,47628.604882985535,1.217013771123195,39135.63347687397,59142.77203864961,85214.15805797442,46113.34366307259
2025-08-03,114217.671875,48339.992866222674,1.216906803922294,39723.66060442329,60294.99209738559,86942.48814607841,46724.6536111895
2025-08-04,115071.8828125,48701.6850087161,1.2169109788308572,40020.745852343345,60865.1501457143,87797.72521857146,47027.15076379472
2025-08-05,114141.4453125,48307.08357254152,1.2168904762810773,39697.1498373232,60194.13982577163,86791.20973865746,46671.146473850255
2025-08-06,115028.0,48685.187454922416,1.2169628441518703,40005.48388874786,60786.80463828768,87680.20695743154,46985.58458230271
2025-08-07,117496.8984375,49733.03538054308,1.2170337018296982,40864.13983916307,62479.59805521462,90219.39708282192,47883.69553604661
2025-08-08,116688.7265625,49393.905395895374,1.2171062880680845,40583.06647507214,61893.10148714771,89339.65223072156,47572.52998752367
2025-08-09,116500.359375,49317.204737386564,1.2171811808827562,40517.554421618195,61737.76684758685,89106.65027138029,47490.11724897537
2025-08-10,119306.7578125,50508.190053936916,1.2172528585363829,41493.5891912118,63664.94023325934,91997.41034988902,48512.57841294793
2025-08-11,118731.4453125,50267.64909841994,1.2173258971468308,41293.50177814937,63239.98930606759,91359.98395910139,48287.12084754258
2025-08-12,120172.90625,50881.890166776175,1.217420786918978,41794.82617143984,64217.56119694566,92826.34179541848,48805.77127144581
2025-08-13,123344.0625,52214.34061817844,1.2171821939876826,42897.71973012188,66397.60968247167,96096.41452370748,49962.39523097071
2025-08-14,118359.578125,50087.332140260274,1.2167701091009624,41164.17042597177,62905.81257191587,90858.7188578738,48109.82349842312
2025-08-15,117398.3515625,49683.75975736649,1.2168484554704453,40829.866310803896,62212.706421793635,89819.05963269046,47742.09627352517
2025-08-16,117491.3515625,49725.87980444557,1.2169160443554894,40862.21069653305,62252.877866834024,89879.31680025105,47763.40921960456
2025-08-17,117453.0625,49700.643429726675,1.2166949541628795,40848.894178181356,62201.735493623724,89802.6032404356,47736.27565143177
2025-08-18,116252.3125,49177.61267450882,1.216325697854854,40431.28642372667,61342.26121286012,88513.39181929018,47280.281873161846
2025-08-19,112831.1796875,47726.51631313951,1.216227019158068,39241.45374288604,58939.050978933126,84908.5764683997,46005.259526278256
2025-08-20,114274.7421875,48338.42565034013,1.2162596313705114,39743.50903669408,59919.31546112718,86378.97319169078,46525.33850355997
2025-08-21,112419.03125,47554.45931913961,1.2162852796867838,39098.113011271314,58605.0645424749,84407.59681371236,45828.06313953333
2025-08-22,116874.0859375,49442.090066718985,1.2163614146728898,40647.5324441422,61679.51488875018,89019.27233312528,47459.211692641606
2025-08-23,115374.328125,48810.721691840474,1.2164382981715305,40125.9330335205,60612.24050768667,87418.36076153001,46892.969644026205
2025-08-24,113458.4296875,48002.58822317885,1.2164994781323146,39459.60445201093,59255.90758199632,85383.86137299448,46173.36768592228
2025-08-25,110124.3515625,46594.974807728744,1.2165774379692116,38300.04844205236,56913.81553301395,81870.72329952093,44930.77157062893
2025-08-26,111802.65625,47311.462154716064,1.2167414109081611,38883.74450854218,58057.87741928847,83586.81612893271,45537.7532032072
2025-08-27,111222.0625,47068.72999942834,1.2168178641183978,38681.82033432779,57630.81997865909,82946.22996798865,45311.17802783621
2025-08-28,112544.8046875,47631.483992708534,1.2168938649565726,39141.85564113134,58527.40547888151,84291.10821832228,45786.861150576326
2025-08-29,108410.8359375,45890.81569660046,1.2171304423769298,37704.10639551538,55629.28452381229,79943.92678571843,44249.26409413954
2025-08-30,108808.0703125,46061.84340343708,1.2172064561086686,37842.260178847435,55882.88673436908,80324.33010155363,44383.812658020535
2025-08-31,108236.7109375,45823.604189958314,1.21730301971231,37643.547619546676,55462.875487195844,79694.31323079376,44160.97583811683
